구군,주소,관광지명
중구,부산광역시 중구 광복로35번길 25-3 (신창동3가),가진혼수이불
중구,부산광역시 중구 광복로 46-2 (창선동1가),감성 광복점
중구,부산광역시 중구 중구로30번길 21-1 (신창동2가),개미집 본점
중구,부산광역시 중구 광복로 21-1 (부평동1가),개화
중구,부산광역시 중구 중앙대로 2 (중앙동7가),갤럭시 롯데백화점 광복점
중구,부산광역시 중구 중앙대로 2 (중앙동7가),갤럭시라이프스타일 롯데백화점 광복점
중구,부산광역시 중구 광복중앙로 5 (창선동1가),게스 부산광복점
중구,부산광역시 중구 중앙대로 2 (중앙동7가),골든듀 롯데백화점 광복점
중구,부산광역시 중구 중앙대로 2 (중앙동7가),골프존마켓 롯데백화점 광복점
중구,부산광역시 중구 용두산길 37-55,관수옥과 초량왜관 터
중구,부산광역시 중구 중앙대로 지하17 (중앙동6가),광복 지하도상가
중구,부산광역시 중구 광복로 72-1 (광복동2가),광복로 겨울빛 트리축제
중구,부산광역시 중구 광복로 72-1 (광복동2가),광복로패션거리
중구,부산광역시 중구 보수대로36번길 14-1,구포집
중구,부산광역시 중구 신창로4가 일원,국제시장
중구,부산광역시 중구 중구로 36,국제시장 먹자골목
중구,부산광역시 중구 국제시장2길 25,국제시장 젊음의거리
중구,부산광역시 중구 중구로 22 (창선동2가),국제약국
중구,부산광역시 중구 중앙대로41번길 5 (중앙동1가),굿올데이즈카페
중구,부산광역시 중구 중앙대로 2 (중앙동7가),까르띠에 롯데백화점 광복점
중구,부산광역시 중구 광복로 82-1 (광복동1가),나이키 광복2호점
중구,부산광역시 중구 광복로 45 (창선동1가),나이키 뉴광복점
중구,부산광역시 중구 중앙대로 2 (중앙동7가),나이키 라이즈 롯데백화점 광복점
중구,부산광역시 중구 중앙대로 2 (중앙동7가),난닝구 롯데백화점 광복점
중구,부산광역시 중구 구덕로 34 (남포동4가),남포대동약국 부산
중구,부산광역시 중구 구덕로 지하 44,남포동 지하도상가
중구,부산광역시 중구 용미길8번길 4-1,남포동건어물도매시장
중구,부산광역시 중구 남포길 16,남포삼계탕
중구,부산광역시 중구 구덕로 4-1 (광복동1가),남포온누리약국
중구,부산광역시 중구 광복로 80-1 (광복동1가),내셔널지오그래픽 부산 광복점
중구,부산광역시 중구 광복로 66-2 (광복동2가),네파 부산광복점
중구,부산광역시 중구 광복로 89 (광복동1가),노스페이스 광복직영점
중구,부산광역시 중구 대교로 135 (중앙동5가),노티스
중구,부산광역시 중구 광복로 72 (광복동2가),뉴발란스 광복점
중구,부산광역시 중구 중구로 3 (남포동6가),다비치안경 부산남포점
중구,부산광역시 중구 중앙대로 85 (중앙동4가),다온약국
중구,부산광역시 중구 중구로 13 (부평동1가),다이소 부산국제시장점
중구,부산광역시 중구 구덕로 46 (남포동4가),다이소 부산남포점
중구,부산광역시 중구 광복중앙로 19 (신창동1가),대각사(부산)
중구,부산광역시 중구 자갈치해안로 57,대구횟집
중구,부산광역시 중구 흑교로45번길 31,대동냉면밀면
중구,부산광역시 중구 중구로40번길 15,돌고래순두부
중구,부산광역시 중구 광복로37번길 7-1,돌솥밥집
중구,"부산광역시 중구 중앙대로 99 (대창동1가, 중앙역퀸즈W테라스에디션)",라치나타 부산중앙점
중구,부산광역시 중구 광복로 71 (광복동2가),라코스테 부산광복직영점
중구,부산광역시 중구 광복로49번길 5 (창선동1가),렌즈타운 바니스튜디오 남포점
중구,부산광역시 중구 광복로35번길 33 (신창동4가),로데오안경
중구,부산광역시 중구 중앙대로 2 (중앙동7가),룩옵티컬 롯데백화점 광복점
중구,"부산광역시 중구 광복중앙로 27 (신창동1가, 용두산아파트)",마리앙플러스 부산광복점
중구,부산광역시 중구 구덕로 50-1 (남포동5가),마사 케이라운지 부산남포
중구,부산광역시 중구 중앙대로 2 (중앙동7가),마에스트로 롯데백화점 광복점
중구,부산광역시 중구 국제시장2길 20-1,만물의거리
중구,부산광역시 중구 충장대로5번길 32-1 (중앙동4가),만석미역 본점
중구,부산광역시 중구 중앙대로 2 (중앙동7가),망고 롯데백화점 광복점
중구,부산광역시 중구 해관로 32,명송초밥
중구,부산광역시 중구 광복로 49 (창선동1가),미니박스 부산 중구점
중구,부산광역시 중구 신창동4가,미술의거리
중구,부산광역시 중구 중앙대로 2 (중앙동7가),미쏘 롯데백화점 광복점
중구,부산광역시 중구 중앙대로 2 (중앙동7가),미우미우 롯데백화점 광복점
중구,부산광역시 중구 민주공원길 19,민주공원
중구,부산광역시 중구 광복로 88 (광복동1가),반스 광복점
중구,부산광역시 중구 중앙대로 2 (중앙동7가),반에이크 롯데백화점 광복점
중구,부산광역시 중구 광복로 72-1 (광복동2가),발코니 뮤직쇼 앤 스트릿 페스타
중구,부산광역시 중구 중앙대로81번길 3,백구당
중구,부산광역시 중구 백산길 11,백산기념관
중구,부산광역시 중구 중앙대로 2 (중앙동7가),버버리 롯데백화점 광복점
중구,부산광역시 중구 광복로 58-1 (광복동2가),버터샵 부산광복점
중구,부산광역시 중구 대청로 67-1,보수동 책방골목
중구,부산광역시 중구 중구로 71,부산 가톨릭센터
중구,부산광역시 중구 구덕로 73,부산 자갈치 양곱창 골목
중구,부산광역시 중구 자갈치해안로 52,부산 자갈치시장
중구,부산광역시 중구 광복로97번길 23 (동광동2가),부산관광호텔
중구,부산광역시 중구 망양로193번길 146,부산광역시립 중앙도서관
중구,부산광역시 중구 대청로 112 (대청동1가),부산근현대역사관 본관
중구,부산광역시 중구 자갈치해안로 55,부산명물횟집
중구,부산광역시 중구 대청로126번길 12,부산영화체험박물관
중구,부산광역시 중구 광복로 13-1,부산족발
중구,부산광역시 중구 용두산길 37-30 (광복동2가),부산중구반려동물축제
중구,부산 중구 중앙동 4가 15-33,부산청년주간
중구,부산광역시 중구 용두산길 37-30,부산타워
중구,부산광역시 중구 용두산길 37-30 (광복동2가),부산타워
중구,부산광역시 중구 이순신대로 72 (중앙동4가),부산항힐링야영장
중구,부산광역시 중구 부평1길 48 (부평동2가),부평깡통시장
중구,부산광역시 중구 부평2길 44,부평동한복거리
중구,부산광역시 중구 광복로 19-2,부평족발
중구,부산광역시 중구 광복로12번길 3,부평족발골목
중구,부산광역시 중구 구덕로48번길 4,브로시스 호텔
중구,부산광역시 중구 광복로55번길 1 (창선동1가),비너스 광복직매장
중구,부산광역시 중구 중앙대로 2 (중앙동7가),삼성스토어 롯데백화점 광복점
중구,부산광역시 중구 광복로55번길 13 (창선동1가),삼송초밥
중구,부산광역시 중구 망양로 327-1 (대청동4가),색채마을
중구,부산광역시 중구 광복로 33 (창선동2가),세명약국
중구,부산광역시 중구 광복로 77 (광복동2가),세인트제임스 부티크 부산
중구,부산광역시 중구 해관로 20,센트럴파크 호텔
중구,부산광역시 중구 남포길 25-3,수복센타
중구,부산광역시 중구 중앙대로 2 (중앙동7가),스케쳐스 롯데백화점 광복점
중구,부산광역시 중구 구덕로 53,스탠포드호텔 부산
중구,부산광역시 중구 중앙대로 2 (중앙동7가),스톤헨지 롯데백화점 광복점
중구,부산광역시 중구 자갈치로 42,신동아 수산물시장
중구,부산광역시 중구 중앙대로 2 (중앙동7가),아디다스 롯데백화점 광복점
중구,부산광역시 중구 광복로 69-1 (광복동2가),아디다스 퍼포먼스 광복점
중구,부산광역시 중구 광복로35번길 11 (신창동3가),아리랑거리
중구,부산광역시 중구 광복로 74-1 (광복동2가),아이디어 안경원 부산 광복점
중구,부산광역시 중구 구덕로 66-1 (남포동5가),아이러브뮤직
중구,부산광역시 중구 국제시장2길 33,아이하시 (수제젓가락공예)
중구,부산광역시 중구 국제시장2길 33 (신창동4가),아이하시 부산본점
중구,부산광역시 중구 비프광장로 28 (남포동5가),아트박스 부산광복1호점
중구,부산광역시 중구 광복로 73 (광복동2가),아트박스 부산광복2호점
중구,부산광역시 중구 중구로47번길 30,양산집
중구,부산광역시 중구 자갈치로 41,어가초밥
중구,부산광역시 중구 중앙대로 2 (중앙동7가),에고이스트 롯데백화점 광복점
중구,부산광역시 중구 광복로 37 (창선동2가),에메필 부산광복점
중구,부산광역시 중구 중앙대로 2 (중앙동7가),에스티로더 롯데백화점 광복점
중구,부산광역시 중구 대청로126번길 22,엘리제호텔
중구,부산광역시 중구 광복로 66 (광복동2가),엠픽 부산광복점
중구,부산광역시 중구 영주로 93,역사의 디오라마
중구,부산광역시 중구 광복로97번길 17,영빈관
중구,부산광역시 중구 대영로242번길 3 (영주동),영주시장
중구,부산광역시 중구 광복로 65 (광복동2가),오니츠카타이거 광복점
중구,부산광역시 중구 광복로 40-2 (창선동1가),오렌즈 남포점
중구,부산광역시 중구 광복로 39-1 (창선동2가),올드타운주얼리 광복점
중구,부산광역시 중구 비프광장로 36 (남포동5가),올리브영 광복 타운
중구,부산광역시 중구 중앙대로 2 (중앙동7가),올리브영 롯데백화점 광복점
중구,부산광역시 중구 광복로 64-1 (광복동2가),올리브영 부산남포점
중구,부산광역시 중구 광복로 46-1 (창선동1가),와펜하우스
중구,부산광역시 중구 자갈치해안로 52,용두산 자갈치 관광특구
중구,부산광역시 중구 용두산길 37-55,용두산공원
중구,부산광역시 중구 대청로 63 (보수동1가),우리글방 북카페
중구,부산광역시 중구 광복로 79-1 (광복동1가),원더플레이스 부산광복FSS점
중구,부산광역시 중구 광복로 56-8,원산면옥
중구,부산광역시 중구 국제시장2길 4 (창선동2가),원일안경 남포
중구,부산광역시 중구 남포길 36,원조서울삼계탕
중구,부산광역시 중구 중앙대로 2 (중앙동7가),유니클로 롯데백화점 광복점
중구,부산광역시 중구 광복중앙로 25 (신창동1가),유핑
중구,부산광역시 중구 부평1길 48,이가네떡볶이
중구,부산광역시 중구 광복로 56 (광복동2가),이니스프리 남포3호점
중구,"부산광역시 중구 광복중앙로 31 (신창동1가, 중앙아파트)",이재모피자 본점
중구,부산광역시 중구 국제시장2길 19 (신창동4가),일성모자점
중구,부산광역시 중구 자갈치해안로 60 (남포동4가),자갈치 크루즈
중구,부산광역시 중구 광복중앙로 13 (신창동1가),작당페스타
중구,부산광역시 중구 구덕로 51 (남포동5가),정관장 남포동점
중구,부산광역시 중구 대청로 133-1 (동광동4가),정관장 동광점
중구,부산광역시 중구 중앙대로 2 (중앙동7가),제이에스티나 롯데백화점 광복점
중구,부산광역시 중구 광복로 40 (창선동2가),제일금거래소 광복점
중구,부산광역시 중구 자갈치해안로 65,제일산꼼장어
중구,부산광역시 중구 광복로 68 (광복동2가),젝시믹스 핏스토어 부산광복점
중구,부산광역시 중구 국제시장2길 5,조명의거리
중구,부산광역시 중구 광복로 95-1 (광복동1가),줌인 카메라
중구,부산광역시 중구 중앙대로49번길 9-1,중앙모밀
중구,부산광역시 중구 흑교로 19 (부평동3가),지엔비호텔(GNB호텔)
중구,부산광역시 중구 광복로 66-1 (광복동2가),지오지아 광복점
중구,부산광역시 중구 광복로 79 (광복동1가),착한중고명품 부산점
중구,부산광역시 중구 광복로 48-1 (창선동1가),채비애
중구,부산광역시 중구 중구로23번길 9 (부평동1가),추억보물섬
중구,부산광역시 중구 중구로29번길 17 (부평동1가),카페제노아
중구,부산광역시 중구 대청로135번길 13-1,커피트웰브 중앙동12시
중구,부산광역시 중구 중구로 151 (영주동),코모도 호텔 부산
중구,부산광역시 중구 구덕로 32 (남포동4가),코오롱스포츠 남포점
중구,부산광역시 중구 용두산길 12,콘트호텔
중구,부산광역시 중구 중앙대로 114 (중앙동4가),크라운 하버 호텔 부산
중구,부산광역시 중구 광복로 75-1 (광복동2가),크록스 광복점
중구,부산광역시 중구 중구로24번길 19,큰집
중구,부산광역시 중구 백산길 20,타워힐호텔
중구,부산광역시 중구 중앙대로 2 (중앙동7가),탑텐 롯데백화점 광복점
중구,부산광역시 중구 중앙대로 지하17 (중앙동6가),토니모리 롯데광복점
중구,부산광역시 중구 중앙대로 125,토요코인호텔 부산역2점
중구,부산광역시 중구 중앙대로 2 (중앙동7가),튜더 홍보시계 롯데백화점 광복점
중구,부산광역시 중구 중앙대로 2 (중앙동7가),페라가모 롯데백화점 광복점
중구,부산광역시 중구 광복로 62 (광복동2가),폴더 부산광복 하이라이트점
중구,부산광역시 중구 광복로 74 (광복동2가),푸마 스포츠 광복점
중구,부산광역시 중구 중앙대로 2 (중앙동7가),프라다 롯데백화점 광복점
중구,부산광역시 중구 용미길9번길 6-45 (남포동1가),피란수도부산 국가유산야행
중구,부산광역시 중구 보수대로 24,하운드호텔 프리미어 남포
중구,부산광역시 중구 보수대로 106 (보수동3가),한우뭉치
중구,부산광역시 중구 광복로 31 (창선동2가),한일사약국
중구,부산광역시 중구 구덕로 54-1,호텔포레 프리미어 남포
중구,부산광역시 중구 광복로 52-1 (창선동1가),홀리카홀리카 부산광복점
중구,부산광역시 중구 광복로 76-2 (광복동2가),휠라 광복메가샵
중구,부산광역시 중구 중구로 160,힐사이드 호텔
중구,부산광역시 중구 비프광장로 31,18번완당집
중구,부산광역시 중구 용두산길 37-55 (광복동2가),2026 용골 댄스 페스타
중구,부산광역시 중구 중앙대로 73 (중앙동4가),40계단 문화관광테마거리
중구,부산광역시 중구 동광길 49,40계단문화관
중구,부산광역시 중구 광복중앙로 2 (광복동2가),ABC마트 GS 부산광복점
중구,부산광역시 중구 광복로 73-1 (광복동2가),ABC마트 ST 부산광복점
중구,부산광역시 중구 구덕로 지하44 (남포동5가),BIFF 광장
중구,부산광역시 중구 광복중앙로 13 (신창동1가),BNK부산은행아트시네마 모퉁이극장
중구,부산광역시 중구 구덕로34번길 4 (남포동2가),BNK부산은행조은극장
중구,부산광역시 중구 광복로 22-1 (부평동1가),CU 부평광복로점
중구,부산광역시 중구 대교로 141 (중앙동5가),CU 중구이리스점
중구,부산광역시 중구 광복로39번길 6,Y'Z PARK (와이즈파크)
서구,부산광역시 서구 꽃마을로163번길 73 (서대신동3가),구덕문화공원
서구,부산광역시 서구 대신공원로 34-91 (서대신동3가),구덕민속예술관
서구,부산광역시 서구 꽃마을로156번길 109,구덕야영장
서구,"부산광역시 서구 충무대로 8 (암남동, 기산비치타운)",남촌설렁탕
서구,부산광역시 서구 엄광산로40번길 80 (서대신동3가),내원정사(부산)
서구,부산광역시 서구 남부민동 50-40,누리바라기전망대
서구,부산 서구 동대신동2가 87-218,닥밭골 벽화마을
서구,"부산광역시 서구 대영로 78 (동대신동1가, 동대맨션)",대신종합시장
서구,부산광역시 서구 구덕로 225,동아대학교 석당박물관
서구,부산광역시 서구 암남동,두도
서구,부산광역시 서구 까치고개로197번길 3 (아미동2가),몽실종가돼지국밥
서구,부산광역시 서구 원양로 35,부산 국제수산물도매시장
서구,부산광역시 서구 등대로 113,부산 비치 관광호텔
서구,부산광역시 서구 송도해변로 36 (암남동),부산 서구 의료관광축제
서구,부산광역시 서구 송도해변로 171,부산 송도해상케이블카
서구,부산광역시 서구 송도해변로 100,부산 송도해수욕장
서구,부산광역시 서구 암남공원로 185,부산 암남공원
서구,부산광역시 서구 망양로193번길 187 (동대신동2가),부산 중앙공원
서구,부산광역시 서구 송도해변로 100 (암남동),부산고등어축제
서구,부산광역시 서구 충무대로 202,부산공동어시장
서구,부산광역시 서구 구덕로 95 (충무동1가),블랙야크 부산광복점
서구,부산광역시 서구 아미로 49 (아미동2가),비석문화마을
서구,부산광역시 서구 엄광산로 33 (서대신동3가),빅토리아 베이커리 가든
서구,부산광역시 서구 대영로 43-2,서대시장족발
서구,부산광역시 서구 동대신동2가,소망계단 모노레일
서구,부산광역시 서구 암남동 129-4,송도 구름산책로
서구,부산광역시 서구 등대로 11,송도1913
서구,부산광역시 서구 암남공원로 75,송도공원
서구,부산광역시 서구 충무대로 47 (암남동),송도마을
서구,부산광역시 서구 암남동,송도반도 (부산 국가지질공원)
서구,부산광역시 서구 암남공원로 181 (암남동),송도스카이파크
서구,부산광역시 서구 암남동 620-53,송도용궁구름다리
서구,부산광역시 서구 송도해변로 113 (암남동),송도키친
서구,부산광역시 서구 암남동 산123-18,송도해안볼레길
서구,부산광역시 서구 송도해변로 50 (암남동),송도해양레포츠센터
서구,부산광역시 서구 보수대로 53 (토성동1가),신창국밥 본점
서구,부산광역시 서구 송도해변로 27 (암남동),암남길 벗과벗
서구,부산광역시 서구 보수대로201번길 7,영남냉면밀면
서구,부산광역시 서구 구덕로274번길 14,옛날오막집
서구,부산광역시 서구 구덕로 102-1 (충무동1가),올리브영 부산자갈치역점
서구,부산광역시 서구 구덕로238번길 6 (부용동1가),원조18번완당
서구,부산광역시 서구 등대로 27 (암남동),윈덤 그랜드 부산
서구,부산광역시 서구 등대로 27 (암남동),윈덤그랜드 부산 더 브릿지
서구,부산광역시 서구 암남공원로 177 (암남동),이엘 16.52 (EL16.52)
서구,부산광역시 서구 임시수도기념로 45 (부민동3가),임시수도기념관
서구,부산 서구 암남동 산4-26,천마산 조각공원
서구,부산광역시 서구 해돋이로183번길 17-4,천마산하늘전망대
서구,부산광역시 서구 해안새벽시장길 68 (남부민동),충무동 새벽시장
서구,부산광역시 서구 송도해변로 27 (암남동),클램하우스
서구,부산광역시 서구 부용로 14-36,La Casa del Sol (라까사델솔 게스트하우스)
동구,부산광역시 동구 범일로102번길 16-20 (범일동),감포참가자미
동구,부산광역시 동구 중앙대로349번길 14 (수정동),고관함박
동구,부산광역시 동구 범일로 125 (범일동),골프존마켓 커넥트현대 부산점
동구,부산광역시 동구 중앙대로214번길 7,광장관광호텔
동구,부산광역시 동구 망양로 533-1,금수사(부산)
동구,부산광역시 동구 범일로 125 (범일동),기비앤키이스 커넥트현대 부산점
동구,부산광역시 동구 영초윗길26번길 14 (초량동),김민부전망대
동구,부산광역시 동구 중앙대로 206,남도해양열차 에스트레인(S-train)
동구,부산광역시 동구 초량로13번길 53,남선창고터
동구,부산광역시 동구 대영로 265,노떼 라 미아 호텔
동구,부산광역시 동구 범일로 125 (범일동),다이소 커넥트현대 부산점
동구,부산광역시 동구 망양로478번길 13,당산
동구,부산광역시 동구 중앙대로 380 (좌천동),동구 문화플랫폼
동구,부산광역시 동구 범일로 125 (범일동),디스커버리 커넥트현대 부산점
동구,부산광역시 동구 중앙대로196번길 10 부산역라마다앙코르호텔,라마다 앙코르 바이윈덤 부산역 호텔
동구,부산광역시 동구 조방로34번길 9,라메르호텔
동구,부산광역시 동구 중앙대로180번길 16-10 (초량동),르이데아호텔
동구,부산광역시 동구 범일로 125 (범일동),마리떼프랑소와저버 커넥트현대 부산점
동구,부산광역시 동구 망양로 488 (초량동),망양로 산복도로전시관
동구,부산광역시 동구 범일로 125 (범일동),메이즈메이 커넥트현대 부산점
동구,부산광역시 동구 영초윗길 22-1 (초량동),명란브랜드연구소
동구,부산광역시 동구 초량중로21번길 5-2,모닝듀 게스트 하우스(모닝듀)
동구,부산광역시 동구 망양로 671,묘심사(부산)
동구,부산광역시 동구 홍곡로 75 (수정동),문화공감 수정(부산 수정동 일본식 가옥)
동구,부산광역시 동구 범일동,범일 이중섭거리
동구,부산광역시 동구 범상로1번길 35,보광사(부산)
동구,부산광역시 동구 조방로 32 (범일동),보원흑삼
동구,부산광역시 동구 중앙대로209번길 16 (초량동),부산 구 백제병원
동구,부산광역시 동구 성북로36번길 54,부산 동구도서관
동구,부산광역시 동구 조방로 48,부산 자유도매시장
동구,부산광역시 동구 중앙대로179번길 1 (초량동),"부산 차이나타운(상해문,상해거리)"
동구,부산광역시 동구 중앙대로260번길 11 (초량동),부산과학체험관
동구,부산광역시 동구 이순신대로 164 (초량동),부산북항 친수공원
동구,부산광역시 동구 중앙대로196번길 16-10,부산뷰호텔
동구,부산광역시 동구 자성로133번길 16,부산시민회관
동구,부산광역시 동구 중앙대로196번길 16-8 (초량동),부산역 풍물거리
동구,부산광역시 동구 자성로 99 (범일동),부산진성
동구,부산광역시 동구 자성로 99,부산진성공원
동구,부산광역시 동구 진시장로 24,부산진시장
동구,부산광역시 동구 정공단로17번길 17 (좌천동),부산진일신여학교
동구,부산광역시 동구 이순신대로 164 (초량동),부산항축제
동구,부산광역시 동구 충장대로 160 (초량동),북두칠성도서관
동구,부산광역시 동구 범일로 125 (범일동),빈폴 커넥트현대 부산점
동구,부산광역시 동구 범일로 125 (범일동),세터 커넥트현대 부산점
동구,부산광역시 동구 초량상로65번길 7 (초량동),소림사(부산)
동구,부산광역시 동구 범일로 125 (범일동),스노우피크 커넥트현대 부산점
동구,부산광역시 동구 중앙대로236번길 7-5 (초량동),스완양분식
동구,부산광역시 동구 대영로243번길 62 (초량동),신발원
동구,부산광역시 동구 초량중로 18-1,싱글싱글
동구,부산광역시 동구 범일로 125 (범일동),써스데이아일랜드 커넥트현대 부산점
동구,부산광역시 동구 중앙대로196번길 12-5,아몬드호텔
동구,부산광역시 동구 중앙대로214번길 7-8 (초량동),아스티호텔 부산
동구,부산광역시 동구 좌천동로 17-3 (좌천동),연등사(부산)
동구,부산광역시 동구 중앙대로209번길 12 (초량동),영동밀면&돼지국밥
동구,부산광역시 동구 범일로 125 (범일동),오프라벨 커넥트현대 부산점
동구,부산광역시 동구 범일로 102 (범일동),올리브영 부산범일점
동구,부산광역시 동구 중앙대로 206 (초량동),올리브영 부산역사점
동구,부산광역시 동구 중앙대로 197 (초량동),올리브영 부산역점
동구,부산광역시 동구 범일로 125 (범일동),올리브영 커넥트현대부산점
동구,부산광역시 동구 자성로 128 (범일동),유니클로 부산범일점
동구,부산광역시 동구 망양로580번길 2 (초량동),유치환 우체통 전망대
동구,부산광역시 동구 진성로9번길 16 (수정동),으뜸50안경 부산진역점
동구,부산광역시 동구 초량중로 86,은하갈비
동구,부산광역시 동구 중앙대로179번길 12 (초량동),이마트24 초량상해점
동구,부산광역시 동구 망양로486번길 14-13,이바구공작소
동구,부산광역시 동구 망양로525번길 22,이바구캠프
동구,부산광역시 동구 증산로 168 (범일동),이중섭전망대
동구,부산광역시 동구 영초윗길 48,장기려기념 더 나눔센터
동구,부산광역시 동구 대영로243번길 29,장성향
동구,부산광역시 동구 대영로243번길 30,장춘방
동구,부산광역시 동구 중앙대로 223-1 (초량동),정관장 부산역점
동구,부산광역시 동구 조방로42번길 12 (범일동),조방제일한우
동구,부산광역시 동구 자성로 99 (범일동),조선통신사역사관
동구,부산광역시 동구 중앙대로460번나길 24 (좌천동),좌천동 가구거리
동구,부산광역시 동구 성북로36번길 46 (범일동),증산공원
동구,부산광역시 동구 성북로36번길 54 (범일동),책마루전망대
동구,부산 동구 초량동 865-48,초량 이바구길
동구,부산광역시 동구 망양로 533-5 (초량동),초량1941
동구,부산광역시 동구 망양로533번길 8 (초량동),초량845
동구,부산광역시 동구 초량상로 53,초량교회
동구,부산광역시 동구 중앙대로 225 (초량동),초량밀면
동구,부산광역시 동구 초량로13번길 8,초량시장
동구,부산광역시 동구 초량중로 135 (수정동),초량온당
동구,부산광역시 동구 초량동,친환경 스카이웨이 전망대(이바구길)
동구,부산광역시 동구 범일로 125 (범일동),커넥트현대
동구,부산광역시 동구 범일로 125 (범일동),커버낫 커넥트현대 부산점
동구,부산광역시 동구 범일로 125 (범일동),컬럼비아 커넥트현대 부산점
동구,부산광역시 동구 중앙대로320번길 7-2 (초량동),케이마트
동구,부산광역시 동구 범일로 125 (범일동),코드그라피 커넥트현대 부산점
동구,부산광역시 동구 범일로 125 (범일동),코오롱스포츠 커넥트현대 부산점
동구,부산광역시 동구 조방로 14 (범일동),클레이디뷔페 돌잔치
동구,부산광역시 동구 범일로 125 (범일동),탠디 커넥트현대 부산점
동구,부산광역시 동구 중앙대로196번길 12 (초량동),토요코인호텔 부산역1점
동구,부산광역시 동구 초량중로 26,평산옥
동구,부산광역시 동구 중앙대로 399 (수정동),프라임관광호텔
동구,부산광역시 동구 중앙대로236번길 9 하운드호텔,하운드호텔 부산역점
동구,부산광역시 동구 중앙대로296번길 6,호텔포레 더 스파
동구,부산광역시 동구 영초길197번길 9,168계단
동구,부산광역시 동구 중앙대로296번길 3-5,1950 태성당
동구,부산광역시 동구 범일로 125 (범일동),K2 커넥트현대 부산점
동구,부산광역시 동구 범일로 125 (범일동),Lee 커넥트현대 부산점
영도구,부산광역시 영도구 감지길 110,감지해변
영도구,부산광역시 영도구 해양로301번길 55 (동삼동),구룡마을 벚꽃축제
영도구,부산광역시 영도구 해양로301번길 45,국립해양박물관
영도구,부산광역시 영도구 청학동로 12 (청학동),그라치에
영도구,부산광역시 영도구 해양로301번길 55,글로벌 영도커피페스티벌
영도구,부산광역시 영도구 태종로763번길 21 (동삼동),김앤김치(KIM&KIMCHI)
영도구,부산광역시 영도구 대평북로 36,깡깡이 예술마을
영도구,부산광역시 영도구 절영로49번길 73-5,남항시장
영도구,부산광역시 영도구 태종로 729,동삼동패총전시관
영도구,부산광역시 영도구 절영로 6,또시아
영도구,부산광역시 영도구 봉래나루로 82 (봉래동1가),라발스호텔
영도구,부산광역시 영도구 나팔꽃길 33 (봉래동5가),라보드 우든보트
영도구,부산광역시 영도구 해양로111번길 33 (청학동),라운지비
영도구,부산광역시 영도구 봉래나루로 82 (봉래동1가),라치나타 부산 라발스호텔점
영도구,부산광역시 영도구 태종로 105 (대교동2가),롯데하이마트 영도점
영도구,부산광역시 영도구 절영로 355,목장원
영도구,부산광역시 영도구 남항서로 36,몽작
영도구,부산광역시 영도구 봉래나루로 178,무명일기
영도구,부산광역시 영도구 동삼로28번길 6 (동삼동),백설대학
영도구,부산광역시 영도구 태종로65번길 11 (대교동1가),베이하운드호텔
영도구,부산광역시 영도구 산정길 41 (신선동3가),복천사(부산)
영도구,부산광역시 영도구 청학동,봉래산(부산)
영도구,부산광역시 영도구 함지로79번길 6,부산광역시 영도도서관
영도구,부산광역시 영도구 대평북로 6 (대교동1가),부산남항
영도구,부산광역시 영도구 봉래나루로 79 (봉래동1가),부산대교
영도구,부산광역시 영도구 해양로301번길 17 (동삼동),부산항 영도 크루즈터미널
영도구,부산광역시 영도구 하리해안길 10-9 비치모텔,비치모텔
영도구,부산광역시 영도구 절영로7번길 41-1 (봉래동2가),삼진어묵 체험·역사과학관
영도구,부산광역시 영도구 벚꽃길 75 (청학동),선생조고매
영도구,부산광역시 영도구 와치로 13 (청학동),선인장식당 영도본점
영도구,부산광역시 영도구 태종로 736 (동삼동),성심마트
영도구,부산광역시 영도구 대평로 42,수리조선소길
영도구,부산광역시 영도구 봉래나루로 214 (봉래동2가),스페이스 원지(onez)
영도구,부산광역시 영도구 와치로 65 산새소리유치원,신기커피영도
영도구,부산광역시 영도구 태종로 45 (대교동1가),아델라호텔
영도구,부산광역시 영도구 태종로105번길 37-3 (봉래동2가),아레아식스(AREA6)
영도구,부산광역시 영도구 해양로247번길 29 (동삼동),아르떼뮤지엄 부산
영도구,부산광역시 영도구 해양로301번길 55 (동삼동),아미르공원
영도구,부산광역시 영도구 하나길 807 (청학동),아트센트
영도구,부산광역시 영도구 절영로 234,에테르
영도구,부산광역시 영도구 전망로 181,영도 등대
영도구,부산광역시 영도구 해양로 13-16 (청학동),영도 마리노 오토캠핑장
영도구,부산광역시 영도구 벚꽃길 75 (청학동),영도 조내기 고구마 역사기념관
영도구,부산광역시 영도구 동삼동,영도 하늘전망대
영도구,부산광역시 영도구 영선동4가 1044-6,영도 흰여울해안터널
영도구,부산광역시 영도구 절영로 319,영도관광실탄사격장
영도구,부산광역시 영도구 해양로301번길 45 (동삼동),영도다리축제
영도구,부산광역시 영도구 대교동1가,영도대교
영도구,부산광역시 영도구 해양로 211 (동삼동),영도면옥
영도구,부산광역시 영도구 함지로79번길 6 (동삼동),영도문화예술회관
영도구,부산광역시 영도구 태종로113번길 39,영도봉래시장
영도구,부산광역시 영도구 함지로79번길 6 (동삼동),영도어울림문화공원
영도구,부산광역시 영도구 중리남로 2-36 (동삼동),영도해녀문화전시관
영도구,부산광역시 영도구 남항서로 52 (남항동3가),오구카페
영도구,부산광역시 영도구 대교로 16 (봉래동2가),올리브영 부산영도점
영도구,부산광역시 영도구 절영로 246-36 (영선동4가),이송도전망대
영도구,부산광역시 영도구 해안산책길 52,절영해안산책로
영도구,부산광역시 영도구 절영로 481,제주복국
영도구,부산광역시 영도구 동삼동,중리노을전망대
영도구,부산광역시 영도구 중리남로 2-15 (동삼동),중리항 방파제 등대
영도구,부산광역시 영도구 와치로 36,청학배수지 전망대
영도구,부산광역시 영도구 청학동 217-43,청학수변공원
영도구,부산광역시 영도구 태종로316번길 1 (청학동),청학시장
영도구,부산광역시 영도구 태종로 539,카페 385
영도구,부산광역시 영도구 전망로 24 (동삼동),태종대
영도구,부산광역시 영도구 태종로836번길 55 (동삼동),태종대 오션플라잉 테마파크
영도구,부산광역시 영도구 태종로833번길 11,태종대암소한마당
영도구,부산광역시 영도구 태종로 808,태종대온천찜질방
영도구,부산광역시 영도구 태종로 805 (동삼동),태종대짬뽕
영도구,부산광역시 영도구 전망로 119,태종사
영도구,부산광역시 영도구 절영로 248-1 (영선동4가),테이블플라워
영도구,부산광역시 영도구 태종로750번길 46 (동삼동),토로
영도구,부산광역시 영도구 번영길 8,플루니티
영도구,부산광역시 영도구 해양로195번길 180,피아크
영도구,부산광역시 영도구 하리해안길 17-5 (동삼동),하리선착장(부산)
영도구,부산광역시 영도구 절영로 321,함지골청소년수련관
영도구,부산광역시 영도구 해돋이3길 410-1 (청학동),해돋이전망대
영도구,부산광역시 영도구 일산봉로39번길 14 (청학동),화복반점
영도구,부산광역시 영도구 영선동4가,흰여울문화마을
영도구,부산광역시 영도구 동삼동,75광장
영도구,부산광역시 영도구 태종로 40,AJ하우스(AJ House)
부산진구,부산광역시 부산진구  중앙번영로 (6),가가와
부산진구,부산광역시 부산진구 가야대로 779 (부전동),가까운약국
부산진구,부산광역시 부산진구 엄광로 118,가야공원
부산진구,부산광역시 부산진구 냉정로 227-1,개금골목시장
부산진구,부산광역시 부산진구 가야대로482번길 9-4,개금밀면
부산진구,부산광역시 부산진구 개금동,개금벚꽃길
부산진구,부산광역시 부산진구 중앙대로783번길 23 (부전동),고려인삼
부산진구,부산광역시 부산진구 중앙대로 686 (부전동),고운세상 김양제장봉석피부과의원
부산진구,부산광역시 부산진구 중앙대로 711,고향맛
부산진구,부산광역시 부산진구 가야대로 772 (부전동),골든듀 롯데백화점 부산본점
부산진구,부산광역시 부산진구 가야공원로 83-12 (가야동),공원집
부산진구,부산광역시 부산진구 부전로 73-1 (부전동),구구스 부산서면점
부산진구,부산광역시 부산진구 전포동,구상반려암 (부산 국가지질공원)
부산진구,부산광역시 부산진구 가야대로 772 (부전동),구찌 롯데백화점 부산본점
부산진구,부산광역시 부산진구 국악로 2,국립부산국악원
부산진구,부산광역시 부산진구 서전로 40 (전포동),그런고로
부산진구,부산광역시 부산진구 가야대로 772 (부전동),금강제화 롯데백화점 부산본점
부산진구,부산광역시 부산진구 서면문화로 4,급행장
부산진구,부산광역시 부산진구 서면로 56,기장손칼국수
부산진구,부산광역시 부산진구 가야대로 772 (부전동),까르띠에 롯데백화점 부산본점
부산진구,부산광역시 부산진구 가야대로 772 (부전동),끌로에 롯데백화점 부산본점
부산진구,부산광역시 부산진구 중앙대로691번길 10 (부전동),나이키 서면2점
부산진구,부산광역시 부산진구 중앙대로702번길 43 (부전동),남녀공학 서면점
부산진구,부산광역시 부산진구 진남로 300 남부산교회,남부산교회
부산진구,부산광역시 부산진구 백양대로136번길 51,남성관
부산진구,부산광역시 부산진구 가야공원로 107,냉수탕가든
부산진구,부산광역시 부산진구 가야대로 772 (부전동),네스프레소 부티크 롯데백화점 부산본점
부산진구,"부산광역시 부산진구 중앙대로 786 (전포동, 에메랄드홈)",네이처리퍼블릭 서면대현점
부산진구,부산광역시 부산진구 동성로 71 (전포동),노클레임
부산진구,부산광역시 부산진구 중앙대로 716 (부전동),눈사랑안경 서면점
부산진구,부산광역시 부산진구 가야대로 772 (부전동),다미아니 롯데백화점 부산본점
부산진구,부산광역시 부산진구 중앙대로 685-1 (부전동),다비치안경 서면점
부산진구,부산광역시 부산진구 서전로 5 (부전동),다솜약국
부산진구,부산광역시 부산진구 서면문화로 23-1,다원
부산진구,부산광역시 부산진구 중앙대로 693 (부전동),다이소 부산서면2호점
부산진구,부산광역시 부산진구 중앙대로702번길 43 (부전동),다이소 부산서면점
부산진구,부산광역시 부산진구 가야대로 777 (부전동),다이소 서면지하상가중앙몰점
부산진구,부산광역시 부산진구 가야대로 772 (부전동),닥스남성 롯데백화점 부산본점
부산진구,부산광역시 부산진구 가야대로 772 (부전동),닥스핸드백 롯데백화점 부산본점
부산진구,부산광역시 부산진구 전포대로132번길 7 (전포동),단아
부산진구,부산광역시 부산진구 시민공원로 73 (범전동),달밤에체조 부산 챌린지
부산진구,부산광역시 부산진구 백양대로60번길 39-9 (당감동),당감시장
부산진구,부산광역시 부산진구 골드테마길 3 (범천동),대경사
부산진구,부산광역시 부산진구 서면로 51 (부전동),더바디성형외과의원
부산진구,"부산광역시 부산진구 중앙대로666번길 50 (부전동, 더샵 센트럴스타)",더스타뷔페
부산진구,부산광역시 부산진구 가야대로 772 (부전동),돌체앤가바나 롯데백화점 부산본점
부산진구,부산광역시 부산진구 서면문화로 11-1 (부전동),동백
부산진구,부산광역시 부산진구 중앙대로 704,동보프라자
부산진구,부산광역시 부산진구 가야대로 772 (부전동),듀퐁슈즈 롯데백화점 부산본점
부산진구,부산광역시 부산진구 가야대로 772,라세느
부산진구,부산광역시 부산진구 서면문화로 26 (부전동),라인업치과병원 서면
부산진구,부산광역시 부산진구 중앙대로 690-1 (부전동),렌즈미 부산서면점
부산진구,부산광역시 부산진구 서전로10번길 60 (부전동),렌즈타운 서면태화점
부산진구,부산광역시 부산진구 서전로10번길 60 (부전동),렌즈타운 으뜸1안경
부산진구,부산광역시 부산진구 가야대로 772 (부전동),로에베 롯데백화점 부산본점
부산진구,부산광역시 부산진구 가야대로 777 (부전동),로이드 서면 롯데점
부산진구,부산광역시 부산진구 가야대로 772 (부전동),론진 롯데백화점 부산본점
부산진구,부산광역시 부산진구 신천대로 241 (부암동),롯데마트 부산점
부산진구,부산광역시 부산진구 가야대로 772,롯데백화점 부산본점
부산진구,부산광역시 부산진구 가야대로 772 (부전동),롯데백화점 부산본점
부산진구,부산광역시 부산진구 가야대로557번길 9 (가야동),롯데하이마트 가야점
부산진구,부산광역시 부산진구 신천대로 241 (부암동),롯데하이마트 부산롯데마트점
부산진구,부산광역시 부산진구 가야대로 772 (부전동),롯데호텔 부산
부산진구,부산광역시 부산진구 가야대로 772 (부전동),롯데호텔 부산
부산진구,부산광역시 부산진구 가야대로 772,롯데호텔부산 무궁화
부산진구,부산광역시 부산진구 범일로 134 (범천동),루체주얼리
부산진구,부산광역시 부산진구 가야대로 772 (부전동),루첸리 롯데백화점 부산본점
부산진구,부산광역시 부산진구 서전로46번길 56 (전포동),루프트 & 루프트맨션
부산진구,부산광역시 부산진구 전포대로210번길 14 (전포동),르 라보 부산지점
부산진구,부산광역시 부산진구 가야대로 772 (부전동),르크루제 롯데백화점 부산본점
부산진구,부산광역시 부산진구 서면로 71 (부전동),리드팜백화점약국
부산진구,부산광역시 부산진구 가야대로 772 (부전동),마에스트로 롯데백화점 부산본점
부산진구,부산광역시 부산진구 동성로87번길 5 (전포동),먼스커피바
부산진구,부산광역시 부산진구 가야대로 772 (부전동),몽블랑 롯데백화점 부산본점
부산진구,부산광역시 부산진구 가야대로 777 (부전동),미샤 부산서면지하점
부산진구,부산광역시 부산진구 중앙대로 지하717 (부전동),미샤 서면지하도상가점
부산진구,부산광역시 부산진구 중앙대로692번길 37 (부전동),미쏘 부산서면점
부산진구,부산광역시 부산진구 가야대로 772 (부전동),미우미우 롯데백화점 부산본점
부산진구,부산광역시 부산진구 중앙대로 706 (부전동),바로약국
부산진구,부산광역시 부산진구 가야대로 772 (부전동),발렌시아가 롯데백화점 부산본점
부산진구,부산광역시 부산진구 가야대로 772 (부전동),발렌티노 롯데백화점 부산본점
부산진구,부산광역시 부산진구 중앙대로 672 (부전동),밝은미소약국
부산진구,부산광역시 부산진구 새싹로 295,백양산 (부산 국가지질공원)
부산진구,부산광역시 부산진구 가야대로 772 (부전동),버버리 롯데백화점 부산본점
부산진구,부산광역시 부산진구 가야대로 772 (부전동),버버리맨즈 롯데백화점 부산본점
부산진구,부산광역시 부산진구 가야대로 772 (부전동),버버리맨즈 롯데백화점 부산본점 에비뉴엘
부산진구,부산광역시 부산진구 가야대로 772 (부전동),버버리칠드런 롯데백화점 부산본점
부산진구,부산광역시 부산진구 중앙대로692번길 43 (부전동),버터샵 서면문화로점
부산진구,부산광역시 부산진구 가야대로 772 (부전동),베르사체 롯데백화점 부산본점
부산진구,부산광역시 부산진구 전포대로224번길 26 (전포동),베를리너 하우스
부산진구,부산광역시 부산진구 가야대로 772 (부전동),벨루티 롯데백화점 부산본점
부산진구,부산광역시 부산진구 가야대로 772 (부전동),보테가베네타 롯데백화점 부산본점
부산진구,부산광역시 부산진구 서전로46번길 86,부들파이터
부산진구,부산광역시 부산진구 신천대로162번길 13 (부전동),부산 수학문화관
부산진구,부산광역시 부산진구 새싹로 295,부산 어린이대공원
부산진구,부산광역시 부산진구 중앙번영로20번길 34-3,부산 중앙시장
부산진구,부산광역시 부산진구 자유평화로 7,부산 평화도매시장
부산진구,부산광역시 부산진구 시민공원로 73 (범전동),부산가족축제
부산진구,부산광역시 부산진구 전포대로209번길 26 (전포동),부산광역시교육청학생예술문화회관 놀이마루
부산진구,부산광역시 부산진구 동천로 79,부산광역시립 부전도서관
부산진구,부산광역시 부산진구 월드컵대로 462 (초읍동),부산광역시립 시민도서관
부산진구,부산광역시 부산진구 부전로 67,부산비즈니스호텔
부산진구,부산광역시 부산진구 시민공원로 73 (범전동),부산시민공원
부산진구,부산광역시 부산진구 진남로 506 부산여자대학,부산여자대학교 차박물관
부산진구,부산광역시 부산진구 동성로112번길 121-1,부산연등회
부산진구,부산광역시 부산진구 초읍천로 113-10,부산자유회관(부산통일관)
부산진구,부산광역시 부산진구 부전로 196 (부전동),부산전자종합시장
부산진구,부산광역시 부산진구 부암동,부산정중앙공원
부산진구,부산광역시 부산진구 범전동,부산진 별빛산책길
부산진구,부산광역시 부산진구 서전로58번길,부산진구 전포사잇길 맥주축제
부산진구,부산광역시 부산진구 동평로 250 (연지동),부산콘서트홀
부산진구,부산광역시 부산진구 새싹로 10 (부전동),부전대형약국
부산진구,부산광역시 부산진구 중앙대로755번길 21,부전마켓타운
부산진구,"부산광역시 부산진구 중앙대로783번길 11 (부전동, 서면동원시티비스타)",부전사랑약국
부산진구,부산광역시 부산진구 중앙대로783번길 23 (부전동),부전인삼시장
부산진구,부산광역시 부산진구 가야대로 772 (부전동),불가리 롯데백화점 부산본점
부산진구,부산광역시 부산진구 가야대로756번길 16 (부전동),브라운도트 호텔 서면역점 비즈니스
부산진구,부산광역시 부산진구 황령대로7번길 20-11 (범천동),브라운도트호텔 서면범천점
부산진구,부산광역시 부산진구 서전로68번길 109 (전포동),브라켓테이블
부산진구,부산광역시 부산진구 가야대로 772 (부전동),브레게 롯데백화점 부산본점
부산진구,부산광역시 부산진구 전포대로 221 (전포동),브레슈
부산진구,부산광역시 부산진구 가야대로 772 (부전동),비체 롯데백화점 부산본점
부산진구,부산광역시 부산진구 가야대로 772 (부전동),빈폴멘 롯데백화점 부산본점
부산진구,부산광역시 부산진구 부전로 77 (부전동),빛날휘약국
부산진구,부산광역시 부산진구 중앙대로 701 (부전동),사나약국
부산진구,부산광역시 부산진구 골드테마길 9 (범천동),사론
부산진구,부산광역시 부산진구 서전로68번길 78,사루각20
부산진구,부산광역시 부산진구 가야대로 772 (부전동),사만사타바사 롯데백화점 부산본점
부산진구,부산광역시 부산진구 서면문화로 19,사미헌
부산진구,부산광역시 부산진구 서면문화로 32 (부전동),사미헌 신관
부산진구,부산광역시 부산진구 초읍천로43번길 77 (초읍동),삼광사
부산진구,부산광역시 부산진구 범일로 173 (범천동),삼광악기사
부산진구,부산광역시 부산진구 가야대로 582 (가야동),삼성스토어 가야
부산진구,"부산광역시 부산진구 신천대로 246 (부암동, 메리움아파트)",삼성스토어 부산
부산진구,부산광역시 부산진구 중앙대로 672 (부전동),삼정타워
부산진구,부산광역시 부산진구 중앙대로 지하737 (부전동),서면 지하도상가
부산진구,부산광역시 부산진구 신천대로62번길 61,서면1번가
부산진구,부산광역시 부산진구 서면로 74 (부전동),서면365약국
부산진구,부산광역시 부산진구 서면로 66 (부전동),서면다정약국
부산진구,부산광역시 부산진구 부전동,서면먹자골목
부산진구,부산광역시 부산진구 서면로 56 (부전동),서면시장
부산진구,부산광역시 부산진구 백양산로 138,선암사(부산)
부산진구,부산광역시 부산진구 새싹로 295,성지곡수원지
부산진구,부산광역시 부산진구 동성로112번길 121 (전포동),송상현광장
부산진구,부산광역시 부산진구 서면로68번길 33 (부전동),송정3대국밥
부산진구,부산광역시 부산진구 중앙대로 672 (부전동),솥이랑 서면점
부산진구,부산광역시 부산진구 가야대로 772 (부전동),쇼파드 롯데백화점 부산본점
부산진구,부산광역시 부산진구 중앙대로692번길 31 (부전동),슈랜드
부산진구,부산광역시 부산진구 중앙대로692번길 6 (부전동),슈퍼드라이 부산서면점
부산진구,부산광역시 부산진구 중앙대로 686 (부전동),스마일약국 부산진구
부산진구,부산광역시 부산진구 서면문화로 32 (부전동),스콜
부산진구,부산광역시 부산진구 가야대로 772 (부전동),스톤헨지 롯데백화점 부산본점
부산진구,부산광역시 부산진구 중앙대로692번길 38 (부전동),스파오 서면중앙점
부산진구,부산광역시 부산진구 새싹로 22-1 (부전동),스페이스앤무드
부산진구,"부산광역시 부산진구 중앙대로 664 (부전동, 이랜드 PEER 서면)",슬기로운약국
부산진구,부산광역시 부산진구 가야대로 772 (부전동),시프트지 롯데백화점 부산본점
부산진구,부산광역시 부산진구 가야대로 777 (부전동),썬라이즈 A&T 부산서면지하점
부산진구,부산광역시 부산진구 서전로37번길 18 (전포동),아더에러 서면 스페이스
부산진구,부산광역시 부산진구 중앙대로692번길 13 (부전동),아디다스 오리지널스 서면
부산진구,부산광역시 부산진구 중앙대로691번길 32,아르반호텔
부산진구,부산광역시 부산진구 중앙대로 지하717 (부전동),아리따움 서면지하도상가점
부산진구,부산광역시 부산진구 동천로 66 (전포동),아비베르컴퍼니
부산진구,부산광역시 부산진구 초읍동,아시오
부산진구,부산광역시 부산진구 가야대로 772 (부전동),아웃도어프로덕츠 롯데백화점 부산본점
부산진구,부산광역시 부산진구 전포대로209번길 39-8 (전포동),아이돌룩 부산서면점
부산진구,부산광역시 부산진구 중앙대로 687-1 (부전동),아이젠트리 부산서면점
부산진구,부산광역시 부산진구 범일로 133-1 (범천동),아크레도 부산점
부산진구,부산광역시 부산진구 중앙대로692번길 39 (부전동),아트박스 부산서면점
부산진구,부산광역시 부산진구 중앙대로 지하730 (부전동),아트박스 서면역사점
부산진구,부산광역시 부산진구 중앙대로756번길 24 (부전동),야스마루
부산진구,부산광역시 부산진구 중앙대로970번길 38,양정기사식당
부산진구,부산광역시 부산진구 동평로420번길 18 (양정동),양정시장
부산진구,부산광역시 부산진구 동평로405번길 85,양정청소년수련관
부산진구,부산광역시 부산진구 중앙대로 752 (부전동),어반스테이 서면
부산진구,부산광역시 부산진구 동평로44번길 62-14,엄마손팥칼국수
부산진구,부산광역시 부산진구 중앙대로 지하717 (부전동),에뛰드하우스 부산대현점
부산진구,부산광역시 부산진구 가야대로 772 (부전동),에르메네질도 제냐 롯데백화점 부산본점
부산진구,부산광역시 부산진구 중앙대로 지하730 (부전동),에메필 서면2호
부산진구,부산광역시 부산진구 중앙대로 지하717 (부전동),에메필 서면점
부산진구,부산광역시 부산진구 동성로 109 (전포동),에스디미디어
부산진구,부산광역시 부산진구 가야대로 772 (부전동),에잇세컨즈 롯데백화점 부산본점
부산진구,부산광역시 부산진구 중앙대로 672 (부전동),에잇세컨즈 부산삼정타워점
부산진구,부산광역시 부산진구 가야대로 772 (부전동),에트로 롯데백화점 부산본점
부산진구,부산광역시 부산진구 골드테마길 9 (범천동),엔비쥬
부산진구,부산광역시 부산진구 서전로10번길 64 (부전동),엠픽 부산서면점
부산진구,부산광역시 부산진구 가야대로 772 (부전동),예거르쿨트르 롯데백화점 부산본점
부산진구,부산광역시 부산진구 중앙대로 지하717 (부전동),오렌즈 서면지하도상가 2호점
부산진구,부산광역시 부산진구 중앙대로 지하717 (부전동),오렌즈 서면지하상가1호점
부산진구,부산광역시 부산진구 전포대로209번길 11 (전포동),오브젝트 서면점
부산진구,부산광역시 부산진구 가야대로 486 (개금동),올리브영 부산개금점
부산진구,부산광역시 부산진구 중앙대로 904 (양정동),올리브영 부산양정점
부산진구,부산광역시 부산진구 전포대로199번길 9 (전포동),올리브영 부산전포역점
부산진구,부산광역시 부산진구 중앙대로 704-1 (부전동),올리브영 서면 타운
부산진구,부산광역시 부산진구 신천대로62번길 77 (부전동),올리브영 서면1번가점
부산진구,부산광역시 부산진구 가야대로 775-1 (부전동),올리브영 서면가야대로점
부산진구,부산광역시 부산진구 중앙대로692번길 30 (부전동),올리브영 서면부전중앙점
부산진구,부산광역시 부산진구 중앙대로 672 (부전동),올리브영 서면삼정타워점
부산진구,부산광역시 부산진구 중앙대로 지하730 (부전동),올리브영 서면역사점
부산진구,부산광역시 부산진구 가야대로 753 (부전동),옵트리치 안경
부산진구,부산광역시 부산진구 동천로 63 (부전동),워너비 서면점
부산진구,부산광역시 부산진구 중앙대로 672 (부전동),원더플레이스 삼정타워점
부산진구,부산광역시 부산진구 골드테마길 52-2,원조 범일동 매떡
부산진구,부산광역시 부산진구 골드테마길 10,원조할매낙지
부산진구,부산광역시 부산진구 중앙대로702번길 21 (부전동),원트 부산서면점
부산진구,부산광역시 부산진구 중앙대로692번길 16 (부전동),윙크 서면점
부산진구,부산광역시 부산진구 중앙대로 672 (부전동),유니클로 부산 삼정타워점
부산진구,부산광역시 부산진구 전포대로209번길 15 (전포동),유쏘풀 전포점
부산진구,부산광역시 부산진구 가야대로 772 (부전동),이니스프리 롯데백화점 부산본점
부산진구,부산광역시 부산진구 중앙대로 지하717 (부전동),이니스프리 부산서면역점
부산진구,부산광역시 부산진구 전포대로199번길 12 (전포동),이니스프리 서면로데오점
부산진구,부산광역시 부산진구 중앙대로680번가길 38 (부전동),이블래 서면점
부산진구,부산광역시 부산진구 중앙대로 777,이비스 앰배서더 부산 시티센터
부산진구,부산광역시 부산진구 전포대로209번길 43 (전포동),읽다부산
부산진구,부산광역시 부산진구 진남로 320 (전포동),전포 삼거리
부산진구,부산광역시 부산진구 서전로37번길 20,전포공구길
부산진구,부산광역시 부산진구 동천로 92 (전포동),전포카페거리
부산진구,부산광역시 부산진구 전포동,전포커피축제
부산진구,부산광역시 부산진구 동평로 94-1 (당감동),정관장 당감점
부산진구,부산광역시 부산진구 새싹로 21-1 (부전동),정관장 부전점
부산진구,부산광역시 부산진구 시민공원로 73 (범전동),제6회 부산 봄꽃 전시회
부산진구,부산광역시 부산진구 가야대로 772 (부전동),제이에스티나 롯데백화점 부산본점
부산진구,부산광역시 부산진구 가야대로 772 (부전동),젠틀몬스터 롯데백화점 부산본점
부산진구,부산광역시 부산진구 골드테마길 2-13,조방본가낙지
부산진구,부산광역시 부산진구 자유평화로37번길 15-19,조방해수탕
부산진구,부산광역시 부산진구 중앙대로 694,쥬디스태화
부산진구,부산광역시 부산진구 가야대로 772 (부전동),지방시뷰티 롯데백화점 부산본점
부산진구,부산광역시 부산진구 범일로142번길 15 (범천동),지산금 투자
부산진구,부산광역시 부산진구 서전로58번길 15-3 (전포동),청킹멘션부산
부산진구,부산광역시 부산진구 성지로 101 (초읍동),초함
부산진구,부산광역시 부산진구 서전로 44 (전포동),카시나 전포점
부산진구,부산광역시 부산진구 골드테마길 1 (범천동),캐럿
부산진구,부산광역시 부산진구 가야대로 772 (부전동),컨버스 롯데백화점 부산본점
부산진구,부산광역시 부산진구 중앙대로702번길 50 (부전동),코앤클로 서면점
부산진구,부산광역시 부산진구 가야대로 772 (부전동),코오롱스포츠 롯데백화점 부산본점
부산진구,부산광역시 부산진구 중앙대로680번가길 38 (부전동),크록스 서면점
부산진구,부산광역시 부산진구 가야대로 772 (부전동),크리스챤디올 롯데백화점 부산본점
부산진구,부산광역시 부산진구 가야대로 772 (부전동),타사키 롯데백화점 부산본점
부산진구,부산광역시 부산진구 가야대로 772 (부전동),태그호이어 롯데백화점 부산본점
부산진구,부산광역시 부산진구 서면문화로 18,태화육개장
부산진구,부산광역시 부산진구 가야대로 772 (부전동),테스토니 롯데백화점 부산본점
부산진구,부산광역시 부산진구 서전로 39 (전포동),토요코인호텔 부산서면
부산진구,부산광역시 부산진구 가야대로 772 (부전동),토즈 롯데백화점 부산본점
부산진구,부산광역시 부산진구 가야대로 772 (부전동),튜더 홍보시계 롯데백화점 부산본점
부산진구,부산광역시 부산진구 서면로68번길 52 (부전동),트래블라이트
부산진구,부산광역시 부산진구 시민공원로 31 (부암동),트레이더스 홀세일 클럽 서면점
부산진구,부산광역시 부산진구 전포대로 221 (전포동),트윈에뚜왈
부산진구,부산광역시 부산진구 가야대로 772 (부전동),티파니 롯데백화점 부산본점
부산진구,부산광역시 부산진구 서전로57번길 12 (전포동),파니에
부산진구,부산광역시 부산진구 동천로 56,퍼프베이커리
부산진구,부산광역시 부산진구 가야대로 772 (부전동),페라가모 롯데백화점 부산본점
부산진구,부산광역시 부산진구 가야대로 772 (부전동),펜디 롯데백화점 부산본점
부산진구,부산광역시 부산진구 가야대로 786 (부전동),편안한약국
부산진구,부산광역시 부산진구 부전로 51 (부전동),포토피아 슈퍼마켓
부산진구,부산광역시 부산진구 가야대로 772 (부전동),폴로 랄프로렌 롯데백화점 부산본점
부산진구,부산광역시 부산진구 가야대로 772 (부전동),프라다 여성 롯데백화점 부산본점
부산진구,부산광역시 부산진구 중앙대로 672 (부전동),프리스비 서면점
부산진구,부산광역시 부산진구 서전로10번길 61 (부전동),피플 부산점
부산진구,부산광역시 부산진구 중앙대로783번길 14 (부전동),하나로마트 부전점
부산진구,부산광역시 부산진구 서면로 48 (부전동),하늘약국 서면로
부산진구,부산광역시 부산진구 중앙대로 707 (부전동),한국금거래소 서면점
부산진구,부산광역시 부산진구 백양대로 227 (개금동),한국신발관
부산진구,부산광역시 부산진구 엄광로 134 (가야동),한우고집 부산가야본점
부산진구,부산광역시 부산진구 전포대로275번길 65 (전포동),해신킹크랩
부산진구,부산광역시 부산진구 신천대로 241 (부암동),행복한약국
부산진구,부산광역시 부산진구 부전로162번길 28 (부전동),현대음향사
부산진구,부산광역시 부산진구 엄광로 491,호천마을
부산진구,부산광역시 부산진구 엄광로 491 (범천동),호천문화플랫폼
부산진구,부산광역시 부산진구 황령대로7번길 20-3,호텔콤마
부산진구,부산광역시 부산진구 새싹로 35 (부전동),호텔티티 서면
부산진구,부산광역시 부산진구 중앙대로 지하730 (부전동),홀리카홀리카 서면지하2호점
부산진구,부산광역시 부산진구 중앙대로 지하717 (부전동),홀리카홀리카 서면지하점
부산진구,부산광역시 부산진구 진남로328번길 99 (전포동),황령산레포츠공원
부산진구,부산광역시 부산진구 서면문화로 5,회국수할매집
부산진구,부산광역시 부산진구 가야대로 772 (부전동),휴고보스 롯데백화점 부산본점
부산진구,"부산광역시 부산진구 전포대로246번길 6 (전포동, 동양팰리스)",희와제과
부산진구,부산광역시 부산진구 시민공원로 73 (범전동),2025 영호남 전통시장 박람회
부산진구,부산광역시 부산진구 가야대로 772 (부전동),AK골프 서면점
부산진구,부산광역시 부산진구 중앙대로 지하717 (부전동),APLSHOP
부산진구,부산광역시 부산진구 중앙대로 지하730 (부전동),CU M부산서면환승역점
부산진구,부산광역시 부산진구 가야대로784번길 11 (부전동),CU 서면롯데점
부산진구,부산광역시 부산진구 동천로95번길 21 (부전동),CU 서면브릭스점
부산진구,부산광역시 부산진구 서면문화로 29 (부전동),CU 서면점
부산진구,부산광역시 부산진구 서전로10번길 69 (부전동),CU 쥬디스본관점
부산진구,부산광역시 부산진구 중앙대로 672 (부전동),EE플레이스 삼정타워점
부산진구,부산광역시 부산진구 중앙대로691번길 28 (부전동),GS25 서면문화점
부산진구,부산광역시 부산진구 부전로66번길 10 (부전동),GS25 서면새천점
부산진구,부산광역시 부산진구 서면로 39,KT&G 상상마당 부산
부산진구,부산광역시 부산진구 서면로 39 (부전동),KT&G 상상마당 부산
부산진구,부산광역시 부산진구 새싹로 71 (부암동),LG전자 베스트샵 부산본점
부산진구,부산광역시 부산진구 중앙대로692번길 31 (부전동),TROUBADOUR 서면점
부산진구,부산광역시 부산진구 중앙대로702번길 33 (부전동),ZARA 서면점
동래구,부산광역시 동래구 중앙대로 1393 (온천동),골든듀 롯데백화점 동래점
동래구,부산광역시 동래구 중앙대로 1495-24 (온천동),구구스 동래점
동래구,부산광역시 동래구 우장춘로 155,금강공원
동래구,부산광역시 동래구 사직북로5번길 11,금강만두
동래구,부산광역시 동래구 우장춘로 211 (온천동),금강사(부산)
동래구,부산광역시 동래구 중앙대로 1393 (온천동),금강제화 롯데백화점 동래점
동래구,부산광역시 동래구 온천장로119번길 57,금문
동래구,부산광역시 동래구 온천장로107번길 10,깃발집 국수전골
동래구,부산광역시 동래구 중앙대로 1393 (온천동),나이키 롯데백화점 동래점
동래구,부산광역시 동래구 금강공원로26번길 31,녹천호텔
동래구,부산광역시 동래구 충렬대로137번길 30,대관원
동래구,부산광역시 동래구 문화로 80 (명륜동),동래문화원
동래구,부산광역시 동래구 문화로 80 (명륜동),동래문화회관
동래구,부산광역시 동래구 명륜로 47 (수안동),동래밀면
동래구,부산광역시 동래구 동래시장길 14,동래시장
동래구,부산광역시 동래구 충렬대로 420 (안락동),동래아이스링크
동래구,부산광역시 동래구 온천천로 451,동래온천길(온천천 카페거리)
동래구,부산광역시 동래구 금강공원로26번길 21,동래온천노천족욕탕
동래구,부산광역시 동래구 충렬대로 지하223 (수안동),동래읍성 임진왜란 역사관
동래구,부산광역시 동래구 문화로 80 (명륜동),동래읍성역사축제
동래구,부산광역시 동래구 동래역사관길 18 (복천동),동래읍성지
동래구,부산광역시 동래구 명륜로94번길 43-10,동래할매파전
동래구,부산광역시 동래구 동래로 103,동래향교
동래구,부산광역시 동래구 온천장로 69 (온천동),동신참치
동래구,부산광역시 동래구 중앙대로 1393 (온천동),롯데마트 동래점
동래구,부산광역시 동래구 중앙대로 1393 (온천동),롯데백화점 동래점
동래구,부산광역시 동래구 중앙대로 1393 (온천동),롯데하이마트 메가스토어 동래점
동래구,부산광역시 동래구 온천천로 467-1,르쎄
동래구,부산광역시 동래구 금강공원로20번길 23,리스또란떼
동래구,부산광역시 동래구 충렬대로 197 (명륜동),메가마트 동래점
동래구,부산광역시 동래구 온천장로 91-1 (온천동),미미루
동래구,부산광역시 동래구 연안로 38,박해윤통영해물밥상
동래구,부산광역시 동래구 동래로116번길 39 (복천동),배종관동래삼계탕
동래구,부산광역시 동래구 중앙대로1367번길 22-8 (온천동),백팥집
동래구,부산광역시 동래구 동래로 160 (칠산동),법륜사(부산)
동래구,부산광역시 동래구 복천로 66 (복천동),복천박물관
동래구,부산광역시 동래구 복천로 66,부산 복천동 고분군
동래구,부산광역시 동래구 우장춘로 117 (온천동),부산광역시 119안전체험관
동래구,부산광역시 동래구 명안로46번길 35,부산광역시립 명장도서관
동래구,부산광역시 동래구 사직로 45 (사직동),부산사직종합운동장 사직야구장
동래구,부산광역시 동래구 우장춘로 175,부산해양자연사박물관
동래구,부산광역시 동래구 중앙대로 1393 (온천동),빈폴맨즈 롯데백화점 동래점
동래구,부산광역시 동래구 충렬대로359번길 55 (안락동),서원시장
동래구,부산광역시 동래구 충렬대로 149,세연정
동래구,부산광역시 동래구 명륜로94번길 37 (명륜동),소문난원조조방낙지본점
동래구,부산광역시 동래구 충렬대로256번길 32 (수안동),수안커피컴퍼니 커피하우스
동래구,부산광역시 동래구 충렬대로249번길 61 (복천동),신가네 호떡 김밥 떡볶이
동래구,부산광역시 동래구 사직북로 7 (사직동),아트박스 부산사직점
동래구,부산광역시 동래구 금강로124번길 23-17 (온천동),온정개건비
동래구,부산광역시 동래구 온천장로125번길 41-8 (온천동),온천시장
동래구,부산광역시 동래구 중앙대로 1324 (온천동),온천천 빛 축제
동래구,부산광역시 동래구 중앙대로 1393 (온천동),올리브영 롯데백화점 동래점
동래구,부산광역시 동래구 명륜로129번길 35 (명륜동),올리브영 부산동래점
동래구,"부산광역시 동래구 아시아드대로231번길 3 (온천동, 동래효산벨뷰)",올리브영 부산미남역점
동래구,부산광역시 동래구 사직북로 1 (사직동),올리브영 부산사직점
동래구,"부산광역시 동래구 온천장로65번길 9 (온천동, 동래 3차 SK VIEW)",올리브영 부산온천점
동래구,부산광역시 동래구 중앙대로 1523 (온천동),올리브영 온천장역점
동래구,부산광역시 동래구 우장춘로62번길 7,우장춘기념관
동래구,부산광역시 동래구 온천장로 52 (온천동),원조꼬리곰집
동래구,부산광역시 동래구 금강공원로26번길 34,원조소문난산곰장어
동래구,부산광역시 동래구 충렬대로237번길 31-3,정림전통한정식
동래구,부산광역시 동래구 사직로58번길 8 (사직동),주문진 막국수
동래구,부산광역시 동래구 충렬대로 347 (안락동),충렬사(부산)
동래구,부산광역시 동래구 충렬대로 345,충렬탑(부산)
동래구,부산광역시 동래구 명안로17번길 80,카페썬번
동래구,부산광역시 동래구 온천천로453번길 23-2 (안락동),코모도테이블
동래구,부산광역시 동래구 중앙대로 1393 (온천동),코오롱스포츠 롯데백화점 동래점
동래구,부산광역시 동래구 금강로73번길 12 (온천동),타이빈
동래구,부산광역시 동래구 충렬대로285번길 31 (칠산동),태백관
동래구,부산광역시 동래구 금정마을로 54,파나카F
동래구,부산광역시 동래구 충렬대로202번가길 24 (수안동),한국기독교선교박물관
동래구,부산광역시 동래구 온천장로107번길 32 (온천동),허심청
동래구,부산광역시 동래구 금강공원로20번길 23 호텔농심,허심청브로이 옥토버페스트
동래구,부산광역시 동래구 금강공원로20번길 23,호텔 농심
동래구,부산광역시 동래구 중앙대로1473번길 14-13,호텔 이그니스
동래구,부산광역시 동래구 중앙대로 1523 (온천동),홈플러스 동래점
동래구,부산광역시 동래구 낙민로 28 (낙민동),1934 기차 동래역
동래구,부산광역시 동래구 차밭골로 36-4 (온천동),303일상
동래구,부산광역시 동래구 차밭골로 37 (온천동),303화덕 동래온천장점
동래구,부산광역시 동래구 시실로 20,[백년가게]온천입구기장곰장어
남구,부산광역시 남구 감만동,감만시민부두
남구,부산광역시 남구 우암로 84-1,감만창의 문화촌
남구,부산광역시 남구 유엔로 221 (대연동),거창맷돌순두부
남구,부산광역시 남구 수영로 309,경성대학교 조류관
남구,부산광역시 남구 신선로 397-2,고향집칼국수
남구,부산광역시 남구 유엔평화로 110 (대연동),공원칼국수
남구,부산광역시 남구 신선로 458 (대연동),광명집
남구,부산광역시 남구 홍곡로320번길 100,국립일제강제동원역사관
남구,부산광역시 남구 진남로 15,김유순대구뽈찜
남구,"부산광역시 남구 분포로 145 (용호동, 더블유)",나막집
남구,"부산광역시 남구 홍곡로 360 (대연동, 대연파크푸르지오)",남광시장
남구,부산광역시 남구 용호동,남파랑길(부산)
남구,부산광역시 남구 수영로 277 (대연동),다비치안경 경성대부경대소방서옆점
남구,부산광역시 남구 수영로334번길 6 (대연동),다온스시앤덮밥
남구,부산광역시 남구 신선로447번길 24 (대연동),대연수목전시원
남구,부산광역시 남구 유엔로 187 (대연동),덕산명가 참소국밥
남구,부산광역시 남구 황령대로319번가길 193 (대연동),듀스포레
남구,부산광역시 남구 수영로334번길 36-1,문화골목
남구,부산광역시 남구 백운포로 64 (용호동),백운포체육공원
남구,부산광역시 남구 우암번영로26번길 17,부산 내호냉면
남구,부산광역시 남구 우암번영로9번길 2 (우암동),부산 우암동 소막마을 주택
남구,부산광역시 남구 백운포로 106 (용호동),부산광역시남구시설관리공단 남구빙상장
남구,부산광역시 남구 동명로 57 (용당동),부산동명불원
남구,부산광역시 남구 유엔평화로76번길 1 부산문화회관,부산문화회관
남구,부산광역시 남구 유엔평화로 63,부산박물관
남구,부산광역시 남구 용소로 78 부산예술회관,부산예술회관
남구,부산광역시 남구 분포로 66-25 (용호동),부산참앤참
남구,부산광역시 남구 진남로 4 (대연동),사거리약국
남구,부산광역시 남구 분포로 66-17 (용호동),샤브애진심
남구,부산광역시 남구 진남로210번길 58-15,성암사(부산)
남구,부산광역시 남구 용당동 산170,신선대(부산)
남구,부산광역시 남구 유엔평화로 35-1 (대연동),쌍둥이돼지국밥 본점
남구,부산광역시 남구 전포대로 133 (문현동),아바니 센트럴 부산
남구,부산광역시 남구 수영로 296 (대연동),아트박스 부산경성대점
남구,부산광역시 남구 용소로7번길 88 천우빌,알천순대곱창전골전문점
남구,부산광역시 남구 용소로 18-1 (대연동),에메필 경성대점
남구,부산광역시 남구 용소로21번길 71,연어바치
남구,부산광역시 남구 오륙도로 137,오륙도 (부산 국가지질공원)
남구,부산광역시 남구 오륙도로 130,오륙도 등대
남구,부산광역시 남구 오륙도로 137,오륙도 스카이워크
남구,부산광역시 남구 용호동,오륙도해맞이공원
남구,부산광역시 남구 수영로 312 (대연동),올리브영 경성대부경대점
남구,"부산광역시 남구 분포로 145 (용호동, 더블유)",올리브영 부산W스퀘어점
남구,부산광역시 남구 수영로 225-1 (대연동),올리브영 부산대연역점
남구,부산광역시 남구 수영로 31 (문현동),올리브영 부산문현점
남구,부산광역시 남구 용소로 12 (대연동),올리브영 부산부경대점
남구,부산광역시 남구 동명로 139 (용호동),올리브영 부산용호점
남구,부산광역시 남구 용호동,용호동일대 바다낚시
남구,부산광역시 남구 분포로 66-40,용호별빛공원
남구,부산광역시 남구 동명로152번길 93,용호시장
남구,부산광역시 남구 우암동 127-142,우암동 도시숲
남구,부산광역시 남구 용소로 3 (대연동),윙크 부산 경성대점
남구,부산광역시 남구 유엔평화로 93 유엔기념공원,유엔기념공원
남구,부산광역시 남구 홍곡로320번길 106 (대연동),유엔평화기념관
남구,부산광역시 남구 이기대공원로 68,이기대
남구,부산광역시 남구 용호동 산1,이기대공원 동생말전망대
남구,부산광역시 남구 용호동,이기대해안산책로
남구,부산광역시 남구 수영로 201 (대연동),이니스프리 부산대연점
남구,부산광역시 남구 용호로 64,중앙해수랜드
남구,부산광역시 남구 지게골로 7,칠성식당 본점
남구,부산광역시 남구 신선로447번길 10,평화공원
남구,부산광역시 남구 용소로 4 (대연동),폴더 경성대점
남구,부산광역시 남구 용호로90번길 24,할매팥빙수단팥죽
남구,부산광역시 남구 용호로 235,합천국밥집
남구,부산광역시 남구 분포로 101 (용호동),해성아트베이
남구,부산광역시 남구 오륙도로 137 (용호동),해파랑길 관광안내소
남구,,"해파랑길(부산,울산 구간)"
남구,부산광역시 남구 고동골로 40 (문현동),행운인생
남구,부산광역시 남구 황령산로 391-39,황령산
남구,부산광역시 남구 황령산로 391-39,황령산 전망대
남구,부산광역시 남구 수영로 300 (대연동),ABC마트 ST 부산경성대점
남구,부산광역시 남구 수영로 179 (대연동),LG전자 베스트샵 대연점
남구,부산광역시 남구 대연동,UN조각공원
남구,"부산광역시 남구 분포로 145 (용호동, 더블유)",W 옵스 드마히니
남구,부산광역시 남구 오륙도로 137,[해파랑길] 1코스
북구,부산광역시 북구 금곡대로 102 (덕천동),골프프렌드골때려골프 부산화명점
북구,부산광역시 북구 낙동북로 687 (구포동),구포 어린이교통공원
북구,부산광역시 북구 사상로583번길 26 (구포동),구포 축산물도매시장
북구,부산광역시 북구 구포만세길 109 (구포동),구포만세거리
북구,부산광역시 북구 낙동북로 722 (구포동),구포무장애숲길
북구,부산광역시 북구 구포시장2길 7 (구포동),구포시장
북구,부산광역시 북구 금곡동,금곡동 율리 바위그늘유적
북구,부산광역시 북구 낙동대로 1769 (구포동),금빛노을브릿지
북구,부산광역시 북구 만덕대로 20-1 (덕천동),나이키 덕천타워점
북구,부산광역시 북구 화명동,대천천
북구,부산광역시 북구 화명대로 47 (화명동),롯데마트 화명점
북구,부산광역시 북구 만덕대로 45 (덕천동),롯데하이마트 메가스토어 덕천점
북구,부산광역시 북구 덕천동 763,부산 밀 페스티벌
북구,부산광역시 북구 금곡대로46번길 50 (덕천동),부산광역시 부산실내빙상장
북구,부산광역시 북구 학사로 118 (화명동),부산기후변화체험교육관
북구,부산광역시 북구 금곡대로46번길 50 (덕천동),부산북구문화예술회관
북구,부산광역시 북구 학사로 128,부산어촌민속관
북구,부산광역시 북구 기찰로 7 (덕천동),신라농원
북구,부산광역시 북구 덕천1길 9 (덕천동),아트박스 부산덕천점
북구,부산광역시 북구 금곡대로303번길 12 (화명동),아트박스 부산화명점
북구,부산광역시 북구 덕천1길 26 (덕천동),올리브영 덕천중앙점
북구,부산광역시 북구 화명대로 34 (화명동),올리브영 부산화명점
북구,부산광역시 북구 화명동 2280,장미원
북구,부산광역시 북구 만덕대로 47 (덕천동),정관장 덕천본점
북구,부산광역시 북구 금곡대로285번길 81 (화명동),툇마루
북구,부산광역시 북구 생태공원길 125 (화명동),화명생태공원
북구,부산광역시 북구 산성로 299,화명수목원
북구,부산광역시 북구 강변대로 1629,화명수상레포츠타운
북구,부산광역시 북구 낙동강자전거길 1425 (덕천동),화명오토캠핑장
해운대구,"부산광역시 해운대구 해운대해변로 302 (중동, 대림맨션)",갤러리이알디 부산
해운대구,부산광역시 해운대구 센텀남대로 59 (우동),갤럭시 롯데백화점 센텀시티점
해운대구,부산광역시 해운대구 센텀남대로 35 (우동),갤럭시 신세계백화점 센텀시티점
해운대구,부산광역시 해운대구 센텀남대로 35 (우동),갤럭시라이프스타일 신세계백화점 센텀시티점
해운대구,부산광역시 해운대구 달맞이길 22 (중동),거대갈비
해운대구,부산광역시 해운대구 해운대해변로 163 현대베네시티아파트,거대곰탕
해운대구,부산광역시 해운대구 우동1로38번길 15-1 (우동),고래서이뻐
해운대구,부산광역시 해운대구 해운대로452번길 16 (우동),고은사진미술관
해운대구,부산광역시 해운대구 해운대로 898 (좌동),고흐의 길
해운대구,부산광역시 해운대구 센텀남대로 59 (우동),골든듀 롯데백화점 센텀시티점
해운대구,부산광역시 해운대구 센텀남대로 59 (우동),골프존마켓 롯데백화점 센텀시티점
해운대구,부산광역시 해운대구 좌동순환로8번길 90 (중동),골프존마켓 부산센터
해운대구,부산광역시 해운대구 해운대로 813 (좌동),교보문고 해운대 팝업스토어
해운대구,"부산광역시 해운대구 마린시티1로 167 (우동, 현대카멜리아)",구구스 해운대마린점
해운대구,부산광역시 해운대구 송정구덕포길 178,구덕포끝집고기
해운대구,부산광역시 해운대구 송정광어골로 41 (송정동),구로마쯔
해운대구,부산광역시 해운대구 수영강변대로 120 (우동),국제해양영화제 (KIOFF)
해운대구,부산광역시 해운대구 해운대해변로 292 그랜드 조선 부산,그랜드 조선 부산
해운대구,부산광역시 해운대구 센텀1로 25,그랜드애플
해운대구,부산광역시 해운대구 송정구덕포길 64,그림하우스
해운대구,부산광역시 해운대구 센텀남대로 59 (우동),금강제화 롯데백화점 센텀시티점
해운대구,부산광역시 해운대구 중동1로43번길 23 (중동),금수복국 해운대본점
해운대구,부산광역시 해운대구 청사포로58번길 62,금오횟집
해운대구,부산광역시 해운대구 센텀남대로 35 (우동),끌로에 신세계백화점 센텀시티점
해운대구,부산광역시 해운대구 우동1로 57 (우동),나가하마만게츠
해운대구,부산광역시 해운대구 센텀4로 15 (우동),나이키 신세계 센텀시티몰
해운대구,부산광역시 해운대구 센텀남대로 35 (우동),노매뉴얼 신세계백화점 센텀시티점
해운대구,부산광역시 해운대구 동백로 116,누리마루 APEC하우스
해운대구,부산광역시 해운대구 구남로 11-1 (우동),다비치안경 해운대해수욕장입구점
해운대구,부산광역시 해운대구 송정광어골로 29 (송정동),다솥맛집
해운대구,부산광역시 해운대구 센텀5로 55 (우동),다이소 부산센텀시티점
해운대구,"부산광역시 해운대구 마린시티2로 38 (우동, 해운대아이파크)",다이소 부산해운대마린시티점
해운대구,부산광역시 해운대구 해운대로 785 (좌동),다이소 부산해운대장산본점
해운대구,부산광역시 해운대구 구남로 11 (우동),다이소 부산해운대점
해운대구,부산광역시 해운대구 센텀남대로 35 (우동),다이아미 신세계백화점 센텀시티점
해운대구,부산광역시 해운대구 센텀남대로 35 (우동),닥스남성 신세계백화점 센텀시티점
해운대구,부산광역시 해운대구 달맞이길 184 (중동),달맞이동산
해운대구,부산광역시 해운대구 장산로 331-18 (좌동),대천공원
해운대구,부산광역시 해운대구 동백로 52 (우동),더베이101
해운대구,부산광역시 해운대구 동백로 52 (우동),더베이101요트투어
해운대구,"부산광역시 해운대구 구남로11번길 30 (우동, 해운대역 푸르지오 더원)",더원약국
해운대구,부산광역시 해운대구 구남로29번길 9 (중동),더좋은약사와약국
해운대구,부산광역시 해운대구 해운대해변로197번길 12,더펫텔프리미엄스위트
해운대구,부산광역시 해운대구 센텀남대로 35 (우동),델보 신세계백화점 센텀시티점
해운대구,부산광역시 해운대구 동백로 99 (우동),동백공원
해운대구,부산광역시 해운대구 해운대해변로209번나길 17,동백섬횟집
해운대구,부산광역시 해운대구 센텀중앙로 55 (우동),동서대학교 소향씨어터 신한카드홀
해운대구,부산광역시 해운대구 센텀남대로 35 (우동),듀퐁셔츠타이 신세계백화점 센텀시티점
해운대구,부산광역시 해운대구 센텀남대로 35 (우동),드로어써클 신세계백화점 센텀시티점
해운대구,부산광역시 해운대구 센텀남대로 35 (우동),디올 신세계백화점 센텀시티점
해운대구,부산광역시 해운대구 센텀남대로 35 (우동),디올남성 신세계백화점 센텀시티점
해운대구,부산광역시 해운대구 우동1로 25,딤타오
해운대구,"부산광역시 해운대구 구남로 21 (우동, 해운대 경동리인뷰2차)",똘키즈에이치비티 해운대센터
해운대구,부산광역시 해운대구 청사포로 85,라꽁띠
해운대구,부산광역시 해운대구 구남로 9,라마다 앙코르 바이윈덤 부산 해운대
해운대구,부산광역시 해운대구 구남로 37,라비드아틀란호텔2
해운대구,부산광역시 해운대구 송정광어골로 39 (송정동),라온호텔
해운대구,부산광역시 해운대구 해운대해변로 299 (중동),라이카 스토어 해운대
해운대구,부산광역시 해운대구 센텀남대로 35 (우동),로에베 신세계백화점 센텀시티점
해운대구,부산광역시 해운대구 센텀남대로 35 (우동),로저비비에 신세계백화점 센텀시티점
해운대구,부산광역시 해운대구 센텀남대로 35 (우동),롤렉스 신세계백화점 센텀시티점
해운대구,부산광역시 해운대구 센텀남대로 59 (우동),롯데백화점 센텀시티점
해운대구,부산광역시 해운대구 구남로8번길 62,류센소 본점
해운대구,부산광역시 해운대구 센텀남대로 35 (우동),리모와 신세계백화점 센텀시티점
해운대구,부산광역시 해운대구 구남로29번길 21,리베로호텔
해운대구,부산광역시 해운대구 해운대해변로 154 (우동),마리나블루키친
해운대구,부산광역시 해운대구 해운대해변로 310,마리안느호텔
해운대구,부산광역시 해운대구 우동,마린시티
해운대구,부산광역시 해운대구 해운대해변로298번길 24 (중동),마산게낙찜
해운대구,부산광역시 해운대구 송정광어골로 76 (송정동),맘보식당
해운대구,부산광역시 해운대구 좌동로 109-17 (좌동),맛소문오리불고기
해운대구,부산광역시 해운대구 센텀남대로 35 (우동),메종마르지엘라 신세계백화점 센텀시티점
해운대구,부산광역시 해운대구 센텀4로 15 (우동),몰리스펫샵 신세계 센텀시티몰
해운대구,부산광역시 해운대구 달맞이길 120,문탠로드
해운대구,부산광역시 해운대구 송정해변로 16 (송정동),문토스트
해운대구,부산광역시 해운대구 센텀서로 20,뮤지엄 원
해운대구,부산광역시 해운대구 센텀남대로 35 (우동),미우미우 신세계백화점 센텀시티점
해운대구,부산광역시 해운대구 달맞이길62번길 77,미포끝집
해운대구,부산광역시 해운대구 달맞이길62번길 13 (중동),미포정거장
해운대구,부산광역시 해운대구 달맞이길62번길 3,미포집
해운대구,부산광역시 해운대구 달맞이길62번길 27-1,미포할매복국본가
해운대구,부산광역시 해운대구 달맞이길62번길 33-1 (중동),미포항
해운대구,부산광역시 해운대구 달맞이길62번길 28 미포오션사이드호텔,박옥희할매집원조복국
해운대구,부산광역시 해운대구 신반송로182번길 2-15 (반송동),반송187
해운대구,부산광역시 해운대구 아랫반송로39번길 18-12 신발집,반송3동골목시장
해운대구,부산광역시 해운대구 반송순환로 100-53 (반송동),반송공원
해운대구,부산광역시 해운대구 센텀남대로 59 (우동),반에이크 롯데백화점 센텀시티점
해운대구,부산광역시 해운대구 재반로282번길 38,반여도서관
해운대구,부산광역시 해운대구 센텀남대로 35 (우동),발렌시아가 여성 신세계백화점 센텀시티점
해운대구,부산광역시 해운대구 센텀남대로 35 (우동),발렌티노 신세계백화점 센텀시티점
해운대구,부산광역시 해운대구 센텀남대로 35 (우동),버버리여성 신세계백화점 센텀시티점
해운대구,부산광역시 해운대구 센텀남대로 35 (우동),버버리칠드런 신세계백화점 센텀시티점
해운대구,부산광역시 해운대구 해운대해변로 317,베니키아 프리미어 해운대 호텔
해운대구,부산광역시 해운대구 해운대해변로209번가길 27,베이몬드호텔
해운대구,부산광역시 해운대구 APEC로 30 (우동),벡스코 상상체험 키즈월드
해운대구,부산광역시 해운대구 APEC로 55,벡스코(BEXCO)
해운대구,부산광역시 해운대구 센텀남대로 35 (우동),보테가베네타 신세계백화점 센텀시티점
해운대구,부산광역시 해운대구 센텀남대로 35 (우동),보테가베네타남성 신세계백화점 센텀시티점
해운대구,"부산광역시 해운대구 마린시티1로 91 (우동, 마린시티두산위브포세이돈)",부산 영화의 거리
해운대구,부산광역시 해운대구 수영강변대로 120,부산 영화의 전당
해운대구,부산 해운대구 우동,부산 올림픽동산
해운대구,부산광역시 해운대구 해운대해변로 84 (우동),부산 요트투어 요트야
해운대구,부산광역시 해운대구 양운로 183,부산 해운대도서관
해운대구,부산광역시 해운대구 마린시티1로 167,부산공간화랑
해운대구,부산광역시 해운대구 APEC로 68,부산광역시생활체육문화센터
해운대구,부산광역시 해운대구 수영강변대로 120 (우동),부산국제매직페스티벌
해운대구,부산광역시 해운대구 APEC로 55 (우동),부산국제아동도서전
해운대구,부산광역시 해운대구 해운대해변로 35,부산도시공사 아르피나
해운대구,부산광역시 해운대구 APEC로 55 (우동),부산브릿지마라톤
해운대구,부산광역시 해운대구 APEC로 58,부산시립미술관
해운대구,부산광역시 해운대구 APEC로 58 (우동),부산시립미술관별관 이우환공간
해운대구,부산광역시 해운대구 달맞이길 52 (중동),부산에 뜬 고등어 해운대점 본점
해운대구,부산광역시 해운대구 달맞이길 52 (중동),부산에 뜬 장어
해운대구,부산광역시 해운대구 달맞이길 30,부산엑스더스카이
해운대구,부산광역시 해운대구 해운대해변로 52,부산영화촬영스튜디오
해운대구,부산광역시 해운대구 해운대해변로 84,부산요트투어 고고요트
해운대구,부산광역시 해운대구 APEC로 55 (우동),부산인디커넥트페스티벌 2026
해운대구,부산광역시 해운대구 APEC로 55 (우동),부산일러스트레이션페어V.7
해운대구,부산광역시 해운대구 해운대해변로209번나길 16 동성장,부우사안
해운대구,부산광역시 해운대구 센텀남대로 35 (우동),불가리 신세계백화점 센텀시티점
해운대구,부산광역시 해운대구 송정광어골로 30 (송정동),브라운도트호텔 송정점
해운대구,부산광역시 해운대구 해운대해변로237번길 11 (우동),블루스토리 호텔
해운대구,부산광역시 해운대구 달맞이길 239-16,비비비당
해운대구,부산광역시 해운대구 센텀남대로 59 (우동),빈폴멘 롯데백화점 센텀시티점
해운대구,"부산광역시 해운대구 마린시티3로 46 (우동, 우신골든메르시아)",사마정
해운대구,부산광역시 해운대구 달맞이길117번라길 100,사비아
해운대구,부산광역시 해운대구 센텀남대로 35 (우동),살로몬 신세계백화점 센텀시티점
해운대구,부산광역시 해운대구 좌동로53번길 41 (중동),삼성스토어 해운대
해운대구,부산광역시 해운대구 구남로41번길 40-1,상국이네
해운대구,부산광역시 해운대구 송정구덕포길 104,샤브막심 송정본점
해운대구,부산광역시 해운대구 달맞이길 193 부광가든,샤브야 본점
해운대구,부산광역시 해운대구 송정해변로 50 (송정동),서프홀릭 송정 본점
해운대구,부산광역시 해운대구 구남로 46,선셋호텔
해운대구,부산광역시 해운대구 달맞이길62번길 67,선창횟집
해운대구,부산광역시 해운대구 APEC로 55 (우동),세계유산위원회 대한민국관(K-Heritage House)
해운대구,부산광역시 해운대구 구남로29번길 21 (중동),세이브존 해운대점
해운대구,부산광역시 해운대구 수영강변대로 85 (우동),센텀 APEC나루공원
해운대구,부산광역시 해운대구 센텀남대로 35 (우동),센텀시티 스파랜드
해운대구,부산광역시 해운대구 센텀남대로 35,센텀시티 아이스링크
해운대구,부산광역시 해운대구 센텀1로 17 (우동),센텀프리미어호텔
해운대구,부산광역시 해운대구 좌동순환로 505 (중동),센트럴약국 해운대
해운대구,부산광역시 해운대구 해운대해변로298번길 47,소공간
해운대구,부산광역시 해운대구 해운대해변로237번길 12 (우동),소노문 해운대
해운대구,부산광역시 해운대구 달맞이길 229,속시원한 대구탕
해운대구,부산광역시 해운대구 달맞이길62번길 28 (중동),속씨원한대구탕미포본점
해운대구,부산광역시 해운대구 달맞이길117번길 17-11 (중동),솔내음한정식
해운대구,부산광역시 해운대구 우동,송림공원
해운대구,부산광역시 해운대구 송정중앙로6번길 126 (송정동),송정담다펜션
해운대구,부산광역시 해운대구 송정중앙로6번길 184 명신횟집,송정물총칼국수
해운대구,부산광역시 해운대구 송정중앙로 31 (송정동),송정바다약국
해운대구,부산광역시 해운대구 송정해변로 34-8 (송정동),송정서핑학교
해운대구,부산광역시 해운대구 송정광어골로 59 (송정동),송정집
해운대구,부산광역시 해운대구 송정동 712-2,송정해수욕장
해운대구,부산광역시 해운대구 송정해변로 28,송정호텔
해운대구,부산광역시 해운대구 해운대해변로221번길 15 (우동),수림횟집
해운대구,부산광역시 해운대구 청사포로58번길 118,수민이네
해운대구,부산광역시 해운대구 송정중앙로6번길 188,수월경화
해운대구,부산광역시 해운대구 달맞이길117번가길 120-30 (중동),스노잉클라우드
해운대구,부산광역시 해운대구 세실로 75 일진빌딩,스시미르네
해운대구,부산광역시 해운대구 센텀남대로 35 (우동),스톤헨지 신세계백화점 센텀시티점
해운대구,부산광역시 해운대구 달맞이길 30,시그니엘 부산
해운대구,부산광역시 해운대구 센텀남대로 35,신세계백화점 센텀시티점
해운대구,부산광역시 해운대구 센텀남대로 35 (우동),신세계백화점 센텀시티점
해운대구,부산광역시 해운대구 해운대해변로209번나길 64 (우동),싱싱뽈락회 해운대본점
해운대구,부산광역시 해운대구 센텀남대로 35 (우동),쌤소나이트 신세계백화점 센텀시티점
해운대구,부산광역시 해운대구 해운대해변로 287 (중동),썬클라우드호텔
해운대구,부산광역시 해운대구 해운대해변로 266,씨라이프부산아쿠아리움
해운대구,부산광역시 해운대구 좌동로 111,아델라7
해운대구,부산광역시 해운대구 센텀남대로 59 (우동),아디다스 롯데백화점 센텀시티점
해운대구,부산광역시 해운대구 센텀4로 15 (우동),아디다스 신세계 센텀시티몰점
해운대구,부산광역시 해운대구 해운대해변로 154,아미산
해운대구,부산시 해운대구 해운대로 793 1층,아이젠트리 본점
해운대구,"부산광역시 해운대구 마린시티1로 91 (우동, 마린시티두산위브포세이돈)",아티성블렁제리 빵빵빵
해운대구,부산광역시 해운대구 센텀남대로 35 (우동),알렉산더 맥퀸 신세계백화점 센텀시티점
해운대구,부산광역시 해운대구 해운대로 313-1 (우동),애드파골프 센텀점
해운대구,부산광역시 해운대구 좌동로10번길 75,양산국밥
해운대구,부산광역시 해운대구 재반로 70 (재송동),양산왕돼지국밥
해운대구,부산광역시 해운대구 송정광어골로 87 (송정동),어밤부
해운대구,부산광역시 해운대구 송정중앙로6번길 20 (송정동),엄마손대구탕
해운대구,부산광역시 해운대구 센텀남대로 35 (우동),에르메스 퍼퓸 신세계백화점 센텀시티점
해운대구,부산광역시 해운대구 센텀남대로 59 (우동),에스콰이어 롯데백화점 센텀시티점
해운대구,"부산광역시 해운대구 달맞이길 30 (중동, 엘시티)",엘시티 레지던스
해운대구,부산광역시 해운대구 달맞이길62번길 78 (중동),엣지993
해운대구,부산광역시 해운대구 해운대해변로209번가길 13 (우동),영남돼지
해운대구,부산광역시 해운대구 대천로106번길 26-10 (좌동),영남식육식당
해운대구,부산광역시 해운대구 수영강변대로 120 (우동),영화의전당 라이브러리 자료실
해운대구,부산광역시 해운대구 해운대해변로298번길 29,예이제 한정식
해운대구,부산광역시 해운대구 해운대로 620 (우동),오렌즈 해운대비치점
해운대구,부산광역시 해운대구 해운대로 802 (좌동),오렌즈 해운대점
해운대구,부산광역시 해운대구 해운대해변로209번나길 28,오막집
해운대구,부산광역시 해운대구 센텀남대로 35 (우동),오메가 신세계백화점 센텀시티점
해운대구,부산광역시 해운대구 구남로24번길 20 (우동),오반장
해운대구,부산광역시 해운대구 구남로 36-1 (우동),오설록티하우스 해운대점
해운대구,부산광역시 해운대구 우동2로 48 (우동),오손1209
해운대구,부산광역시 해운대구 구남로 42 (중동),올리브영 딜라이트 프로젝트 해운대점
해운대구,부산광역시 해운대구 마린시티1로 127 (우동),올리브영 마린시티점
해운대구,"부산광역시 해운대구 마린시티2로 38 (우동, 해운대아이파크)",올리브영 부산마린시티아이파크점
해운대구,부산광역시 해운대구 센텀2로 24 (우동),올리브영 부산벡스코점
해운대구,"부산광역시 해운대구 센텀동로 9 (우동, 트럼프월드센텀아파트)",올리브영 부산센텀점
해운대구,부산광역시 해운대구 세실로 75 (좌동),올리브영 부산장산역점
해운대구,부산광역시 해운대구 세실로27번길 23 (좌동),올리브영 부산장산점
해운대구,부산광역시 해운대구 센텀6로 21 (우동),올리브영 센텀중앙로점
해운대구,부산광역시 해운대구 좌동순환로 511 (중동),올리브영 이마트해운대점
해운대구,"부산광역시 해운대구 해운대로 650 (우동, 해운대 센트럴 푸르지오)",올리브영 해운대센트럴점
해운대구,"부산광역시 해운대구 달맞이길 30 (중동, 엘시티)",올리브영 해운대엘시티점
해운대구,부산광역시 해운대구 구남로 8-1 (우동),올리브영 해운대역점
해운대구,부산광역시 해운대구 좌동순환로 505 (중동),올리브영 해운대중동점
해운대구,부산광역시 해운대구 구남로 27 (중동),올리브영 해운대중앙점
해운대구,"부산광역시 해운대구 센텀동로 9 (우동, 트럼프월드센텀아파트)",와인픽스 센텀점
해운대구,부산광역시 해운대구 해운대로 425,외식1번가
해운대구,부산광역시 해운대구 동백로 52,요트탈래
해운대구,"부산광역시 해운대구 마린시티1로 155 (우동, 해운대현대하이페리온)",우봉
해운대구,부산광역시 해운대구 우동1로20번가길 31 (우동),원시학
해운대구,부산광역시 해운대구 반송로571번길 5,원조석대추어탕
해운대구,부산광역시 해운대구 동백로 67 (우동),웨스틴 조선 부산
해운대구,부산광역시 해운대구 송정중앙로6번길 36,윙민박
해운대구,부산광역시 해운대구 센텀남대로 59 (우동),유니클로 롯데백화점 센텀시티점
해운대구,부산광역시 해운대구 구남로29번길 35,윤가네신토불이보쌈
해운대구,부산광역시 해운대구 달맞이길62번길 28 (중동),율링
해운대구,부산광역시 해운대구 마린시티3로 51 (우동),이레옥
해운대구,부산광역시 해운대구 좌동순환로 511 (중동),이마트 해운대점
해운대구,부산광역시 해운대구 달맞이길117번라길 100 (중동),이스턴룸
해운대구,부산광역시 해운대구 APEC로 55 (우동),일러스타 페스 12
해운대구,부산광역시 해운대구 구남로41번길 12,일번지자갈치산곰장어
해운대구,부산광역시 해운대구 해운대로570번길 49,일품한우
해운대구,부산광역시 해운대구 장산로 331-18,장산 (부산 국가지질공원)
해운대구,부산광역시 해운대구 좌동순환로 506 (중동),정관장 부산중동점
해운대구,부산광역시 해운대구 해운대로 601 (우동),정관장 우동점
해운대구,부산광역시 해운대구 APEC로 55 (우동),제14회 부산국제코미디페스티벌
해운대구,부산광역시 해운대구 APEC로 55 (우동),제48차 유네스코 세계유산위원회 특별공연 산화비 : HEXAGRAM 22
해운대구,부산광역시 해운대구 센텀남대로 35 (우동),제냐 신세계백화점 센텀시티점
해운대구,부산광역시 해운대구 구남로12번길 31 (우동),제이비디자인호텔
해운대구,부산광역시 해운대구 달맞이길65번길 171,조현화랑
해운대구,부산광역시 해운대구 좌동로91번길 20 (좌동),좌동재래시장
해운대구,부산광역시 해운대구 송정해변로 1-23,죽도공원
해운대구,"부산광역시 해운대구 달맞이길 30 (중동, 엘시티)",지그재그아트센터
해운대구,부산광역시 해운대구 좌동로 9 (중동),책방봄봄
해운대구,부산광역시 해운대구 중동,청사포
해운대구,부산광역시 해운대구 달맞이길62번길 13 (중동),청사포 기찻길
해운대구,부산광역시 해운대구 청사포로 167,청사포 다릿돌전망대
해운대구,부산광역시 해운대구 중동,청사포 횟집촌
해운대구,부산광역시 해운대구 청사포로58번길 121 (중동),청사포역
해운대구,부산광역시 해운대구 달맞이길117번나길 111,추리문학관
해운대구,부산광역시 해운대구 해운대해변로197번길 13,캔버스
해운대구,부산광역시 해운대구 해운대해변로197번길 14,캔버스 블랙
해운대구,부산광역시 해운대구 센텀남대로 35 (우동),캠브리지멤버스 신세계백화점 센텀시티점
해운대구,부산광역시 해운대구 해운대해변로 287 (중동),코오롱 씨클라우드 호텔
해운대구,부산광역시 해운대구 센텀남대로 35 (우동),코치 신세계백화점 센텀시티점
해운대구,부산광역시 해운대구 센텀남대로 35 (우동),크롬하츠 신세계백화점 센텀시티점
해운대구,부산광역시 해운대구 수영강변대로 120 (우동),크리스마스 빌리지 부산 2025
해운대구,부산광역시 해운대구 마린시티3로 52,클라우드32
해운대구,부산광역시 해운대구 달맞이길 30 엘시티,클럽디 오아시스
해운대구,부산광역시 해운대구 센텀4로 15 센텀시티 몰,키자니아 부산
해운대구,부산광역시 해운대구 달맞이길117번가길 85 (중동),키친동백
해운대구,부산광역시 해운대구 우동1로38번가길 15 (우동),타이가텐푸라
해운대구,부산광역시 해운대구 센텀남대로 35 (우동),태그호이어 신세계백화점 센텀시티점
해운대구,부산광역시 해운대구 센텀남대로 35 (우동),토즈 신세계백화점 센텀시티점
해운대구,부산광역시 해운대구 센텀남대로 59 (우동),트위 롯데백화점 센텀시티점
해운대구,부산광역시 해운대구 해운대해변로 296,파라다이스 호텔 부산
해운대구,부산광역시 해운대구 마린시티1로 51 (우동),파크 하얏트 부산
해운대구,부산광역시 해운대구 구남로30번길 18 (우동),팔라티움 해운대 바이 소노펠리체
해운대구,부산광역시 해운대구 센텀남대로 35 (우동),페라가모 신세계백화점 센텀시티점
해운대구,부산광역시 해운대구 센텀남대로 35 (우동),펜디 신세계백화점 센텀시티점
해운대구,부산광역시 해운대구 해운대로 620 해운대 라뮤에뜨,펠릭스바이STX
해운대구,부산광역시 해운대구 센텀남대로 35 (우동),폴로 신세계백화점 센텀시티점
해운대구,부산광역시 해운대구 달맞이길 22 (중동),풍천만민물장어
해운대구,부산광역시 해운대구 센텀남대로 35 (우동),프라다 남성 신세계백화점 센텀시티점
해운대구,부산광역시 해운대구 센텀남대로 35 (우동),프라다 신세계백화점 센텀시티점
해운대구,부산광역시 해운대구 센텀남대로 35 (우동),프레드 신세계백화점 센텀시티점
해운대구,부산광역시 해운대구 센텀남대로 35 (우동),프레스버터샌드 신세계백화점 센텀시티점
해운대구,부산광역시 해운대구 구남로29번길 21 (중동),프로스펙스 세이브존 해운대점
해운대구,부산광역시 해운대구 달맞이길 491,프루터리포레스트
해운대구,부산광역시 해운대구 해운대해변로298번길 29,플레아드블랑(PLEA DE BLANC)
해운대구,부산광역시 해운대구 좌동로91번길 28 (좌동),하가원 해운대점
해운대구,부산광역시 해운대구 청사포로 151 (중동),하진이네
해운대구,부산광역시 해운대구 마린시티3로 52,한화리조트 해운대
해운대구,부산광역시 해운대구 달맞이길62번길 1,할매복국
해운대구,부산광역시 해운대구 중동2로10번길 7,할매집
해운대구,부산광역시 해운대구 중동2로10번길 7 (중동),할매탕
해운대구,부산 해운대구 우동 510-7,해리단길
해운대구,부산광역시 해운대구 구남로24번길 8 (우동),해목
해운대구,부산광역시 해운대구 중동1로19번길 29,해성막창집본점
해운대구,부산광역시 해운대구 구남로 3 (우동),해성약국
해운대구,부산광역시 해운대구 좌동순환로 27 (좌동),해운대 가야밀면
해운대구,부산광역시 해운대구,해운대 관광특구
해운대구,부산광역시 해운대구 청사포로 116 (중동),해운대 그린레일웨이 (미포~송정 구간)
해운대구,부산광역시 해운대구 달맞이길 190,해운대 달맞이길
해운대구,부산광역시 해운대구 동백로 67,해운대 동백섬
해운대구,부산광역시 해운대구 좌동순환로 473,해운대 로데오거리
해운대구,부산광역시 해운대구 해운대해변로 280 (중동),해운대 모래축제
해운대구,부산광역시 해운대구 청사포로 116 (중동),해운대 블루라인파크
해운대구,부산광역시 해운대구 해운대해변로 280 (중동),해운대 빛축제
해운대구,부산광역시 해운대구 해운대해변로298번길 25 (중동),해운대 영무파라드호텔
해운대구,부산광역시 해운대구 달맞이길50번길 4 (중동),해운대기와집대구탕
해운대구,부산광역시 해운대구 수영강변대로 85,해운대리버크루즈
해운대구,부산광역시 해운대구 양운로 97 해운대문화회관,해운대문화회관
해운대구,부산광역시 해운대구 중동2로10번길 21,해운대밀면
해운대구,부산광역시 해운대구광역시 석대동 26,해운대수목원
해운대구,부산광역시 해운대구 중동1로 42-16 (중동),해운대시장
해운대구,부산광역시 해운대구 해운대해변로 333 (중동),해운대암소갈비집
해운대구,부산광역시 해운대구 중동1로 36 (중동),해운대약국 중동1로
해운대구,부산광역시 해운대구 중동2로 16,해운대온천센터
해운대구,부산광역시 해운대구 달맞이길50번길 4,해운대하얀오징어집
해운대구,부산광역시 해운대구 해운대해변로 264,해운대해수욕장
해운대구,부산광역시 해운대구 달맞이길62번길 65 해운마루,해운마루
해운대구,부산광역시 해운대구 중동,해월전망대
해운대구,부산광역시 해운대구 달맞이길 184 (중동),해월정
해운대구,부산광역시 해운대구 달맞이길 97,호텔일루아
해운대구,부산광역시 해운대구 송정중앙로6번길 143 (송정동),홀리라운지
해운대구,부산광역시 해운대구 선수촌로21번길 37 (반여동),홈플러스 부산반여점
해운대구,부산광역시 해운대구 센텀남대로 35 (우동),휴고보스 신세계백화점 센텀시티점
해운대구,부산광역시 해운대구 송정광어골로 73 (송정동),흑송 우동소바 송정본점
해운대구,부산광역시 해운대구 APEC로 55 (우동),2026 대한민국 과학축제 with 부산과학축전
해운대구,부산광역시 해운대구 센텀중앙로 55 (우동),2026 부산국제공연예술마켓(BPAM)
해운대구,부산광역시 해운대구 APEC로 55 (우동),2026 부산국제불교박람회
해운대구,부산광역시 해운대구 수영강변대로 85 (우동),2026 부산나이트워크42K with dsec
해운대구,부산광역시 해운대구 APEC로 55 (우동),2026 부산브랜드페스타
해운대구,부산광역시 해운대구 수영강변대로 120 (우동),2026 부산푸드필름페스타
해운대구,부산광역시 해운대구 APEC로 55 (우동),2026 세븐브릿지 투어
해운대구,부산광역시 해운대구 센텀2로 20 (우동),CU 센텀타워메디컬점
해운대구,부산광역시 해운대구 해운대해변로 310 (중동),CU 해운대마리안느점
해운대구,부산광역시 해운대구 해운대해변로298번길 24 (중동),CU 해운대팔레드시즈점
해운대구,부산광역시 해운대구 APEC로 30 (우동),K-일러스트레이션페어 부산 2026
해운대구,부산광역시 해운대구 APEC로 30 (우동),K-핸드메이드페어 부산 2026
해운대구,부산광역시 해운대구 좌동로 162 (좌동),KF아세안문화원
해운대구,부산광역시 해운대구 센텀남대로 35 (우동),LG전자 베스트샵 신세계백화점 센텀시티점
해운대구,부산광역시 해운대구 해운대로767번길 7 (중동),LG전자 베스트샵 해운대점
해운대구,부산광역시 해운대구 센텀남대로 35 (우동),Lee 신세계백화점 센텀시티점
해운대구,부산광역시 해운대구 센텀4로 15 (우동),MUJI 신세계 센텀시티몰점
해운대구,부산광역시 해운대구 센텀남대로 59 (우동),ZARA 롯데백화점 센텀시티점
해운대구,부산광역시 해운대구 우동,[부산 갈맷길] 2코스 2구간
해운대구,부산광역시 해운대구 달맞이길62번길 33-1,[해파랑길] 2코스
사하구,부산광역시 사하구 감내2로 159,감내맛집
사하구,부산광역시 사하구 감내1로 200 (감천동),감천문화마을 어린왕자 전시관
사하구,부산광역시 사하구 감내2로 201 (감천동),감천문화마을기념품숍
사하구,부산광역시 사하구 제석로79번길 33 (당리동),관음사(부산)
사하구,부산광역시 사하구 낙동남로1233번길 43 (하단동),국립청소년생태센터
사하구,부산광역 사하구 하단동 1195,낙동강 생태탐방선
사하구,부산광역시 사하구 낙동남로1233번길 1,낙동강문화관
사하구,부산광역시 사하구 낙동남로 1240,낙동강하구 (부산 국가지질공원)
사하구,부산광역시 사하구 낙동남로 1240,낙동강하구에코센터
사하구,부산광역시 사하구 낙동남로 1169 (하단동),낙조정
사하구,부산광역시 사하구 낙동남로 1413 (하단동),노브랜드 부산하단아트몰링점
사하구,부산광역시 사하구 낙동남로 1413 (하단동),뉴발란스 하단동점
사하구,부산광역시 사하구 다대동로 20 (다대동),다대씨파크
사하구,부산광역시 사하구 몰운대1길 14 (다대동),다대포 꿈의 낙조분수
사하구,부산광역시 사하구 몰운대1길 14 (다대동),다대포생태탐방로
사하구,부산광역시 사하구 다대동,다대포항
사하구,부산광역시 사하구 몰운대1길 14,다대포해수욕장
사하구,부산광역시 사하구 감내2로 170 (감천동),달동네공방
사하구,"부산광역시 사하구 동매로 117 (하단동, 건우리안)",동원장수촌
사하구,부산광역시 사하구 을숙도대로 610 (장림동),롯데마트 사하점
사하구,부산광역시 사하구 낙동대로 340 (괴정동),롯데하이마트 사하점
사하구,부산광역시 사하구 다대로 213 (장림동),롯데하이마트 장림점
사하구,부산광역시 사하구 다대동,몰운대(부산)
사하구,부산광역시 사하구 감내1로224번길 7,방가방가게스트하우스(풍경집)
사하구,부산광역시 사하구 하신중앙로 289 (하단동),복성반점
사하구,부산광역시 사하구 장림로93번길 72 (장림동),부네치아 선셋 전망대
사하구,부산광역시 사하구 감내2로 203,부산 감천문화마을
사하구,부산광역시 사하구 하단동,부산 에덴공원
사하구,부산광역시 사하구 승학로 247 (괴정동),부산광역시립 사하도서관
사하구,부산광역시 사하구 옥천로 130 (감천동),부산교육역사관
사하구,부산광역시 사하구 다대동,부산바다축제
사하구,부산광역시 사하구 낙동남로 1191 부산현대미술관,부산현대미술관
사하구,부산광역시 사하구 낙동대로 439 (하단동),삼성스토어 사하
사하구,부산광역시 사하구 낙동대로 238,쉐라미과자점
사하구,부산광역시 사하구 하단동,승학산
사하구,부산광역시 사하구 신평동,신평종합시장
사하구,부산광역시 사하구 다대낙조2길 77,아미산 전망대
사하구,부산광역시 사하구 낙동남로 1413 (하단동),아트몰링
사하구,부산광역시 사하구 낙동대로 378 (당리동),애드파골프
사하구,부산광역시 사하구 하신번영로157번길 39 (신평동),영진돼지국밥
사하구,부산광역시 사하구 낙동대로324번길 2,오사카
사하구,부산광역시 사하구 다대로 550 (다대동),올리브영 다대포항역점
사하구,부산광역시 사하구 사하로 200 (괴정동),올리브영 부산괴정역점
사하구,부산광역시 사하구 다대로 698 (다대동),올리브영 부산다대포점
사하구,부산광역시 사하구 낙동대로 412 (당리동),올리브영 부산당리점
사하구,부산광역시 사하구 낙동대로 551 (하단동),올리브영 부산동아대점
사하구,부산광역시 사하구 낙동남로 1413 (하단동),올리브영 부산아트몰링점
사하구,"부산광역시 사하구 장림번영로 50 (장림동, 지원시티파크 아파트)",올리브영 부산장림점
사하구,부산광역시 사하구 낙동남로 1417 (하단동),올리브영 하단중앙점
사하구,부산광역시 사하구 하신중앙로 129 (신평동),유니클로 부산사하점
사하구,부산광역시 사하구 낙동남로 1240 (하단동),을숙도 공원
사하구,부산광역시 사하구 낙동남로1233번길 25 (하단동),을숙도 들락날락
사하구,부산광역시 사하구 낙동남로1233번길 25 (하단동),을숙도문화회관
사하구,부산광역시 사하구 낙동남로1233번길 38 (하단동),을숙도인라인스케이트장
사하구,부산광역시 사하구 다대로 661 (다대동),이지요661
사하구,부산광역시 사하구 다대로 95 (신평동),이티135
사하구,부산광역시 사하구 장림번영로 22 (장림동),장림골목시장
사하구,부산광역시 사하구 장림로93번길 72 (장림동),장림포구
사하구,부산광역시 사하구 낙동대로 204 (괴정동),정관장 괴정점
사하구,부산광역시 사하구 낙동대로 395 (당리동),정관장 당리역점
사하구,부산광역시 사하구 비봉로 6 (신평동),정짓간 신평본점
사하구,부산광역시 사하구 몰운대1길 14 (다대동),제4회 다대포 선셋 영화 축제
사하구,부산광역시 사하구 장림로93번길 74 (장림동),주식회사 놀핏
사하구,"부산광역시 사하구 옥천로75번안길 10 (감천동, 제일아파트)",주식회사감천아울
사하구,부산광역시 사하구 감내2로 100 (감천동),주식회사아래모래
사하구,부산광역시 사하구 낙동대로 534 (하단동),주식회사어반힐링
사하구,부산광역시 사하구 오작로 104-7 (괴정동),카페 만디
사하구,부산광역시 사하구 다대동,통일아시아드 공원
사하구,부산광역시 사하구 괴정로 34 (하단동),하기연진주냉면
사하구,부산광역시 사하구 낙동대로451번길 26 (하단동),하단시장
사하구,부산광역시 사하구 다대로 734,해안누리길 몰운대길
사하구,부산광역시 사하구 다대동,"해양레저축제, 키마위크(KIMA WEEK)"
사하구,부산광역시 사하구 다대로 225 (장림동),홈플러스 장림점
사하구,부산광역시 사하구 홍티로 76 (다대동),홍티예술촌
사하구,부산광역시 사하구 다대동 1674,2026 별바다부산 「나이트 캠크닉」
사하구,부산광역시 사하구 다대동 1674,2026 부산바다도서관
사하구,부산광역시 사하구 하단동,[부산 갈맷길] 5코스
금정구,부산광역시 금정구 부곡동,가톨릭 특성화 거리
금정구,부산광역시 금정구 공해2길 2,감나무집
금정구,부산광역시 금정구 하마2길 6 경주집,경주집
금정구,부산광역시 금정구 구서로 12,구서오시게시장
금정구,부산광역시 금정구 북문로 42,국청사(부산)
금정구,부산광역시 금정구 남산로 27 (남산동),글로컬 문화 in(人) 남산 페스티벌
금정구,부산광역시 금정구 장전동 산 43-1,금강식물원
금정구,부산광역시 금정구 범어사로 254,금강암(부산)
금정구,부산광역시 금정구 중앙대로1826번길 10-4 (구서동),금정문화원
금정구,부산광역시 금정구 체육공원로 7,금정문화회관
금정구,부산광역시 금정구 금성동,금정산
금정구,부산광역시 금정구 북문로 78-5 (금성동),금정산성
금정구,부산광역시 금정구 장전동,금정산성 동문
금정구,부산광역시 금정구 산성로 453,금정산성 막걸리
금정구,부산광역시 금정구 산성로 453 (금성동),금정산성 유가네누룩
금정구,부산광역시 금정구 산성로 520,금정산성 창녕집
금정구,부산광역시 금정구 금성동,금정산성마을 먹거리촌
금정구,부산광역시 금정구 산성로 501-2 (금성동),금정산성축제
금정구,부산광역시 금정구 오륜대로 15,기장방우횟집
금정구,부산광역시 금정구 공해4길 11,기장집
금정구,부산광역시 금정구 금강로 700,남산시장
금정구,부산광역시 금정구 부산대학로 35 (장전동),뉴발란스 부산대점
금정구,부산광역시 금정구 체육공원로 270 (선동),늘푸른숲
금정구,부산광역시 금정구 장전온천천로 55 (장전동),다이소 부산대점
금정구,부산광역시 금정구 하마2길 28-17 (청룡동),더팜471
금정구,부산광역시 금정구 중앙대로 2315 (노포동),데팡스가든센터
금정구,부산광역시 금정구 하정로 66 (선동),동래베네스트 골프클럽
금정구,부산광역시 금정구 오륜대로 260-1,땅뫼산
금정구,부산광역시 금정구 장전온천천로 48 (장전동),라라라 페스티벌
금정구,부산광역시 금정구 중앙대로 1756 (부곡동),롯데하이마트 메가스토어 부곡점
금정구,부산광역시 금정구 금샘로 219 (장전동),리디앤폴(LIDI&PAUL)
금정구,부산광역시 금정구 금강로 418 (구서동),마파람해물찜해물탕 구서본점
금정구,부산광역시 금정구 식물원로 27,만서리 이가네 막국수
금정구,부산광역시 금정구 구서로 23,명수정
금정구,부산광역시 금정구 오시게로 20 (부곡동),모모스커피 본점
금정구,부산광역시 금정구 북문로 23,무심정
금정구,부산광역시 금정구 북문로 126,미륵사(부산)
금정구,부산광역시 금정구 범어사로 250,범어사 성보박물관
금정구,부산광역시 금정구 범어사로 250 (청룡동),범어사(부산)
금정구,부산광역시 금정구 부곡로 107,부곡상가시장
금정구,부산광역시 금정구 북문로 178,부산광역시교육청학생인성교육원
금정구,부산광역시 금정구 서부로76번길 5,부산광역시립 서동도서관
금정구,부산광역시 금정구 장전온천천로 48 (장전동),부산국제공연예술제(B.P.A.F)
금정구,부산광역시 금정구 금정도서관로 33,부산금정도서관
금정구,부산광역시 금정구 부산대학로63번길 2,부산대학교 박물관
금정구,부산광역시 금정구 장전동,북맛골
금정구,부산광역시 금정구 산성로 524,산성집
금정구,부산광역시 금정구 산성로 516,산성청송가든
금정구,부산광역시 금정구 서동로141번길 16 (서동),서동미로시장
금정구,부산광역시 금정구 장전온천천로 75,서울깍두기
금정구,부산광역시 금정구 동문로 45,성안집
금정구,부산광역시 금정구 부산대학로 29 (장전동),스파오 부산대역점
금정구,부산광역시 금정구 체육공원로399번길 324,스포원파크
금정구,부산광역시 금정구 체육공원로399번길 324,스포원파크재난안전체험관
금정구,부산광역시 금정구 금정로 197 (구서동),쓰다북스 x 원더러스트커피
금정구,부산광역시 금정구 땅곡길 94-1 (금성동),아이리
금정구,"부산광역시 금정구 부산대학로 33-5 (장전동, 플러스빌)",아이젠트리 부산대점
금정구,부산광역시 금정구 부산대학로 49 (장전동),아트박스 부산대점
금정구,부산광역시 금정구 청룡로 61,압구정한우갈비
금정구,부산광역시 금정구 중앙대로 1669 (부곡동),애드파골프 금정점
금정구,부산광역시 금정구 수림로20번길 49,오륙도낙지
금정구,부산광역시 금정구 오륜대로 106-1,오륜대 한국순교자박물관
금정구,부산광역시 금정구 오륜대로 229 (오륜동),오륜대전망대
금정구,부산광역시 금정구 구서로 3 (구서동),올리브영 부산구서역점
금정구,부산광역시 금정구 중앙대로 1989 (남산동),올리브영 부산남산점
금정구,부산광역시 금정구 부산대학로 29 (장전동),올리브영 부산대역점
금정구,부산광역시 금정구 금정로60번길 29 (장전동),올리브영 부산대장전점
금정구,부산광역시 금정구 부산대학로 47 (장전동),올리브영 부산대점
금정구,부산광역시 금정구 중앙대로 1722 (부곡동),올리브영 부산부곡DI점
금정구,부산광역시 금정구 팔송로 60-6 (남산동),요산김정한문학관
금정구,부산광역시 금정구 금샘로 353 (구서동),우정갈비
금정구,부산광역시 금정구 중앙대로1841번길 24 (구서동),이니스프리 이마트금정점
금정구,부산광역시 금정구 부곡로141번길 6,일송면옥
금정구,부산광역시 금정구 중앙대로 1947 (구서동),정관장 구서점
금정구,부산광역시 금정구 수림로 30 (부곡동),정관장 장전역점
금정구,부산광역시 금정구 금정로 25,참나무숯불구이
금정구,부산광역시 금정구 금단로 123-9,카파도키아
금정구,부산광역시 금정구 죽전1길 29,킴스아트필드미술관
금정구,부산광역시 금정구 금정로 45,토비코
금정구,부산광역시 금정구 금강로 247-10 (장전동),톤쇼우
금정구,부산광역시 금정구 청룡로 40 (청룡동),풍년오리박사
금정구,부산광역시 금정구 금강로 242 (장전동),한섬 아울렛 FX 부산대점 래트
금정구,부산광역시 금정구 중앙대로1805번길 16 (구서동),호텔 프렌치코드
금정구,부산광역시 금정구 두구로33번길 202 (두구동),홍법사(부산)
금정구,부산광역시 금정구 오륜동 171,회동수원지(회동수원지 둘레길)
금정구,부산광역시 금정구 부산대학로 28-1 (장전동),ABC마트 MS 부산대학로점
금정구,"부산광역시 금정구 장전온천천로 127 (장전동, 서주빌라)",CU 장전온천천로점
금정구,부산광역시 금정구 무학송로 93 (부곡동),LG전자 베스트샵 금정점
금정구,부산광역시 금정구 부산대학로63번길 2 (장전동),NC백화점 부산대점
강서구,부산광역시 강서구 서천로42번길 351 (천성동),가덕도
강서구,부산광역시 강서구 외양포로 10,가덕도 등대
강서구,부산광역시 강서구 천성동,가덕도 연대봉
강서구,부산광역시 강서구 외양포로 10 (대항동),가덕도외양포전망대
강서구,부산 강서구 대저1동 1-17,강서 낙동강30리 벚꽃축제
강서구,부산광역시 강서구 체육공원로 43 (대저1동),강서체육공원
강서구,부산광역시 강서구 녹산화전로 283 (녹산동),강호중마라도물회
강서구,부산광역시 강서구 거가대로 2571 (천성동),거가대교 홍보전시관
강서구,부산광역시 강서구 가덕해안로1169번길 28 (대항동),구디너프
강서구,부산광역시 강서구 명지국제1로 161 (명지동),국회부산도서관
강서구,부산광역시 강서구 가덕해안로 924 (천성동),그랜드하브(GRAND HAV)
강서구,부산광역시 강서구 둔치강변길 656 (봉림동),금빛노을
강서구,부산광역시 강서구 상덕로 35-1,낙동강오리알 본점
강서구,부산광역시 강서구 명지국제1로 141 (명지동),낙동아트센터
강서구,부산광역시 강서구 맥도강변길 283,낭만송백
강서구,부산광역시 강서구 명지국제8로 234 (명지동),노리클럽
강서구,부산광역시 강서구 범방4로 132,녹산고향동산
강서구,부산광역시 강서구 낙동남로682번길 94 (녹산동),녹산용가든
강서구,부산광역시 강서구 범방3로46번길 21 (범방동),다온나루
강서구,부산광역시 강서구 공항로 1246 (대저1동),대저생태공원
강서구,부산광역시 강서구 대저1동,대저수문 생태공원
강서구,부산광역시 강서구 체육공원로6번길 184,대저캠핑장
강서구,부산광역시 강서구 대저중앙로 337,대저할매국수
강서구,부산광역시 강서구 가덕해안로1207번길 9-2,대항 어촌체험 휴양마을
강서구,부산광역시 강서구 대항동 393-3,대항선착장
강서구,부산광역시 강서구 대항동 산1-4,대항전망대
강서구,부산광역시 강서구 가덕해안로1212번길 48-1 (대항동),대항항 포진지 동굴
강서구,부산광역시 강서구 봉죽길91번길 65-37 (봉림동),두루팜
강서구,부산광역시 강서구 입소신평길 273 (대저2동),"러블리가든(사계, 나를심다)"
강서구,부산광역시 강서구 가락대로 929,렛츠런파크 부산경남
강서구,부산광역시 강서구 명지국제12로19번길 20-10 (명지동),로다로지
강서구,부산광역시 강서구 신호산단1로140번길 71,로빈뮤지엄
강서구,부산광역시 강서구 화전산업대로 272-43 (녹산동),록산
강서구,부산광역시 강서구 공항앞길85번길 13,만드리곤드레밥
강서구,부산광역시 강서구 르노삼성대로 602 (명지동),만호갈미샤브샤브
강서구,부산광역시 강서구 송정동,망산도·유주암
강서구,부산광역시 강서구 대저2동,맥도생태공원
강서구,부산광역시 강서구 명지오션시티10로 95,명지동근린공원
강서구,부산광역시 강서구 신포길 13-10 (명지동),명지시장
강서구,부산광역시 강서구 명지국제6로232번길 18 (명지동),명지첫집
강서구,부산광역시 강서구 르노삼성대로 638-10 (명지동),명지해솥
강서구,부산광역시 강서구 명지국제1로 60-1 (명지동),몬스터파크 부산명지점
강서구,부산광역시 강서구 명지국제1로 56-1 (명지동),몽키몽키롤러장
강서구,부산광역시 강서구 체육공원로6번길 139-28 (대저1동),물빛색스튜디오
강서구,부산광역시 강서구 신호산단1로98번길 91 (신호동),박가네순두부
강서구,부산광역시 강서구 새진목길 51 (명지동),방코
강서구,부산광역시 강서구 대저로299번길 6 (대저1동),벨렘351
강서구,부산광역시 강서구 녹산산단262로14번길 20,보람공원
강서구,부산광역시 강서구 낙동북로 477 강서구청,부산 강서문화원
강서구,부산광역시 강서구 평강로 441 (대저1동),부산자연곤충마을
강서구,부산광역시 강서구 생곡산단1로24번길 58 (생곡동),부산자원순환협력센터
강서구,부산광역시 강서구 명지국제8로10번길 16,브런치 앤 디너 테라비 명지 본점
강서구,부산광역시 강서구 가덕해안로 663 (천성동),브리타니
강서구,부산광역시 강서구 식만로 164 (식만동),비아조
강서구,부산광역시 강서구 르노삼성대로 602 (명지동),선창갈미조개
강서구,부산광역시 강서구 가덕해안로 560 (천성동),세븐아일랜드
강서구,부산광역시 강서구 신호산단4로64번길 8 (신호동),시즌 조개구이
강서구,부산광역시 강서구 명지국제7로 38,신라스테이 서부산
강서구,부산광역시 강서구 신호산단1로72번길 46 (신호동),신호공원
강서구,부산광역시 강서구 식만로 122 (식만동),앙로고택
강서구,부산광역시 강서구 르노삼성대로 630 (명지동),어라우즈로스터리
강서구,부산 강서구 대저2동 5438-3,에코델타시티 전망대
강서구,부산광역시 강서구 명지국제9로 66 (명지동),오리한상 명지본점
강서구,부산광역시 강서구 가락대로 1206 (봉림동),오플로우
강서구,부산광역시 강서구 공항로239번길 29,온든해
강서구,부산광역시 강서구 명지국제8로 260 (명지동),올리브영 명지국제신도시점
강서구,부산광역시 강서구 명지오션시티4로 59 (명지동),올리브영 부산명지오션점
강서구,부산광역시 강서구 명지국제6로 168 (명지동),올리브영 스타필드 시티 명지점
강서구,부산광역시 강서구 대항동,외양포 포진지
강서구,부산광역시 강서구 천성동 산 6-98,외양포항
강서구,부산광역시 강서구 명지국제6로318번길 77 (명지동),울림공원
강서구,부산광역시 강서구 명지국제6로302번길 19-3 (명지동),월남면반
강서구,부산광역시 강서구 신호산단1로72번길 54 (신호동),이지요 더파크
강서구,부산광역시 강서구 범방4로 32 이프리오,이프리오
강서구,부산광역시 강서구 공항로447번길 6 (대저2동),자갈치왕짬뽕
강서구,부산광역시 강서구 낙동남로 749 (녹산동),장룡수산 본점
강서구,부산광역시 강서구 눌차동,정거마을 문화거리
강서구,부산광역시 강서구 명지오션시티10로 127,정원오리촌
강서구,부산광역시 강서구 대저1동,제22회 부산도시농업박람회
강서구,부산광역시 강서구 명지새동네길2번길 56-3,진목카페
강서구,부산광역시 강서구 천성동,천성항 방파제등대
강서구,부산광역시 강서구 제도로 29,청량사(부산)
강서구,부산광역시 강서구 명지국제6로 168 (명지동),크록스 스타필드 시티 명지점
강서구,부산광역시 강서구 낙동남로 526-1,토북베이커리
강서구,부산광역시 강서구 낙동남로682번길 262 (녹산동),포레스트3002
강서구,부산광역시 강서구 가락대로 1354 (봉림동),푸디1354
강서구,부산광역시 강서구 명지국제6로1번길 37 (명지동),한그루양과점
강서구,부산광역시 강서구 화전산단5로 84 (화전동),화전공원
강서구,부산광역시 강서구 식만로 112 (식만동),흐른
연제구,부산광역시 연제구 월드컵대로145번길 32,가야할매 밀면
연제구,부산광역시 연제구 묘봉산로 40,감천사(부산)
연제구,부산광역시 연제구 반송로 44,갓파스시
연제구,부산광역시 연제구 거제시장로14번길 28 (거제동),거제시장
연제구,부산광역시 연제구 거제대로 148 (거제동),골프프렌드골때려골프 동래점
연제구,부산광역시 연제구 성지곡로 111,금용암(부산)
연제구,부산광역시 연제구 쌍미천로 32-1 (연산동),디저트시네마
연제구,"부산광역시 연제구 연제로 7 (연산동, 시청역퀸즈W)",라치나타코리아
연제구,부산광역시 연제구 과정로 180 (연산동),롯데하이마트 연산점
연제구,부산광역시 연제구 봉수로 138,마하사(부산)
연제구,부산광역시 연제구 중앙대로 1122,부산 센트럴호텔
연제구,부산광역시 연제구 월드컵대로 344,부산 아시아드주경기장
연제구,부산광역시 연제구 연산동,부산 연산동 고분군
연제구,부산광역시 연제구 중앙대로1056번길 13 (연산동),부산 카페 라운지
연제구,부산광역시 연제구 토곡로 70 (연산동),부산광역시교육청 창의융합교육원
연제구,부산광역시 연제구 고분로191번길 16 부산광역시립연산도서관,부산광역시립 연산도서관
연제구,부산광역시 연제구 월드컵대로 344,부산종합운동장
연제구,부산광역시 연제구 중앙대로 1024 (연산동),삼성스토어 연제
연제구,부산광역시 연제구 고분로 41-1 (연산동),수복돼지국밥
연제구,부산광역시 연제구 월드컵대로165번길 14,시골추어탕 본점
연제구,부산광역시 연제구 반송로 11 (연산동),아리따움 연산로타리점
연제구,부산광역시 연제구 연동로8번길 22 (연산동),연동시장
연제구,부산광역시 연제구 과정로 121 (연산동),연산낙지해물탕
연제구,부산광역시 연제구 좌수영로 241 (연산동),연산트레이더스약국
연제구,"부산광역시 연제구 고분로 24 (연산동, 연일아파트)",연일시장
연제구,부산광역시 연제구 세병로 84 (거제동),연제고분판타지축제
연제구,부산광역시 연제구 고분로 13 (연산동),오방맛길
연제구,부산광역시 연제구 월드컵대로 162 (연산동),오소리순대
연제구,부산광역시 연제구 온천천남로 39 (연산동),온천천시민공원
연제구,부산광역시 연제구 아시아드대로 93 (거제동),올리브영 부산거제점
연제구,"부산광역시 연제구 연제로 30 (연산동, 시청역 비스타 동원)",올리브영 부산시청역점
연제구,"부산광역시 연제구 반송로 22 (연산동, 동서상가)",올리브영 부산연산점
연제구,부산광역시 연제구 중앙대로 1086 (연산동),올리브영 연산역점
연제구,부산광역시 연제구 과정로 112 (연산동),올리브영 연산토곡점
연제구,부산광역시 연제구 종합운동장로 7 (거제동),올리브영 홈플러스아시아드점
연제구,부산광역시 연제구 월드컵대로119번길 8,팔미초밥
연제구,부산광역시 연제구 아시아드대로 8,한방장어구이
연제구,부산광역시 연제구 고분로68번길 47,혜원정사(부산)
연제구,부산광역시 연제구 종합운동장로 7 (거제동),홈플러스 아시아드점
연제구,부산광역시 연제구 중앙대로 1242 (거제동),LG전자 베스트샵 부산연제점
수영구,"부산광역시 수영구 광남로 96 (광안동, 광안 포디움프레스티지 1)",게임 체험 팝업 전시 ‘Game-Playground’
수영구,부산광역시 수영구 수영성로 43,경상좌수영성지
수영구,부산광역시 수영구 광안해변로 219 (광안동),광안리 M(Marvelous) 드론 라이트쇼
수영구,부산광역시 수영구 남천동,광안리 SUP Zone
수영구,부산광역시 수영구 광남로 239 (민락동),광안리 대교밀면
수영구,부산광역시 수영구 남천바다로 32,광안리 언양불고기부산집
수영구,부산광역시 수영구 광안해변로54번길 222 광안리 해양레포츠센터,광안리 해양레포츠센터
수영구,부산광역시 수영구 광안해변로 219 (광안동),광안리어방축제
수영구,부산광역시 수영구 민락동,광안리해변 테마거리
수영구,부산광역시 수영구 광안해변로 219 (광안동),광안리해수욕장
수영구,부산광역시 수영구 연수로 410,국이네 낙지볶음
수영구,부산광역시 수영구 광안해변로278번길 42 오션브릿지,그레이193호텔
수영구,부산광역시 수영구 좌수영로 161-10 (망미동),그린노마드
수영구,부산광역시 수영구 광안동,금련산
수영구,부산광역시 수영구 망미번영로70번길 16 (수영동),꽃피는 4월 밀익는 5월
수영구,부산광역시 수영구 광안해변로15번길 77,남천 해변시장
수영구,부산광역시 수영구 수영로394번길 28,남천녹차팥빙수
수영구,부산광역시 수영구 수영로464번길 9 (남천동),남천다옴
수영구,부산광역시 수영구 수영로 722-1 (광안동),누스테이 부산
수영구,부산광역시 수영구 연수로 374,닭발의지존
수영구,부산광역시 수영구 수미로13번길 11,대복성
수영구,부산광역시 수영구 광안로61번가길 4-1 (민락동),더스카뮤즈
수영구,부산광역시 수영구 민락수변로 9,더웨이브
수영구,부산광역시 수영구 광남로 151,더파크 게스트하우스(The Park Guesthouse)
수영구,부산광역시 수영구 황령산로7번길 60 (남천동),도모헌
수영구,부산광역시 수영구 황령산로7번길 60 (남천동),도모헌 들락날락 어린이도서관
수영구,"부산광역시 수영구 수영로510번길 43 (광안동, 광남빌라)",두두디북스
수영구,부산광역시 수영구 민락수변로 29 (민락동),디에이블 광안점
수영구,부산광역시 수영구 광안로49번길 32-1 (광안동),러브얼스
수영구,부산광역시 수영구 광안해변로 269 (민락동),레이저태그스포츠 광안점
수영구,부산광역시 수영구 구락로 36 (수영동),리오네
수영구,부산광역시 수영구 민락본동로31번길 9 (민락동),링플레이트 부산점
수영구,부산광역시 수영구 수영동,망미단길
수영구,부산광역시 수영구 민락본동로31번길 46,미락슈퍼
수영구,부산광역시 수영구 민락동,민락수변공원
수영구,부산광역시 수영구 민락본동로 28 (민락동),민락스테이
수영구,부산광역시 수영구 광안해변로312번길 60 (민락동),민락어민활어직판장
수영구,부산광역시 수영구 민락동,민락해변공원
수영구,부산광역시 수영구 민락수변로17번길 56,밀락더마켓
수영구,부산광역시 수영구 민락수변로 103,밀레니엄횟집
수영구,"부산광역시 수영구 광남로94번길 2 (광안동, 광일)",바로해장
수영구,부산광역시 해운대구 수영강변대로 203,부산광안대교
수영구,부산광역시 수영구 황령산로 156,부산광역시 금련산청소년수련원
수영구,부산광역시 수영구 광안해변로 219 (광안동),부산불꽃축제
수영구,"부산광역시 수영구 수영로588번길 7 (광안동, 광안 협성엠파이어Ⅱ)",부센동
수영구,"부산광역시 수영구 광안로45번길 2 (광안동, 광안비취빌리지)",분홍이네
수영구,부산광역시 수영구 수영로606번길 125 (광안동),브리즈 아카이브
수영구,부산광역시 수영구 광안해변로 155,브릿지모텔
수영구,부산광역시 수영구 광안해변로344번길 9-5 (민락동),비쇼쿠
수영구,부산광역시 수영구 민락수변로239번길 4 (민락동),비스포레
수영구,부산광역시 수영구 망미번영로 49-1 (망미동),비콘그라운드
수영구,부산광역시 수영구 남천동,빵천동
수영구,부산광역시 수영구 수영로 469 (남천동),삼성스토어 광안
수영구,부산광역시 수영구 남천동,삼익비치수변공원
수영구,"부산광역시 수영구 광안해변로279번길 29 (민락동, 유정)",샌드스테이
수영구,부산광역시 수영구 광안해변로 125 (남천동),서프마린
수영구,부산광역시 수영구 민락동,성진활어판매장
수영구,부산광역시 수영구 남천동로9번길 41 인재빌딩,송원일식
수영구,부산광역시 수영구 광안해변로370번길 9-32,수변최고돼지국밥 민락본점
수영구,부산광역시 수영구 무학로 6 (광안동),수영 돼지국밥
수영구,부산광역시 수영구 수영성로 43 (수영동),수영민속예술관
수영구,부산광역시 수영구 수영성로 43,수영사적공원
수영구,부산광역시 수영구 수영동,수영팔도시장
수영구,부산광역시 수영구 남천동로108번길 49,신센
수영구,부산광역시 수영구 광안해변로294번길 26 (민락동),아트모이지
수영구,부산광역시 수영구 광남로22번길 3 (남천동),안목
수영구,부산광역시 수영구 수영로680번길 39,엄용백 돼지국밥
수영구,부산광역시 수영구 좌수영로 129-1 (망미동),엘올리브
수영구,부산광역시 수영구 망미배산로76번나길 15,영주암(부산)
수영구,부산광역시 수영구 광안해변로370번길 9-32,옐로우라이트하우스
수영구,부산광역시 수영구 광안해변로 245-1,오랜지바다
수영구,부산광역시 수영구 광남로257번길 58,옥련선원
수영구,부산광역시 수영구 민락로 13,옥이네밀면칼국수
수영구,부산광역시 수영구 민락로6번길 29 (민락동),옥토버페스타 인 광안리
수영구,부산광역시 수영구 광안해변로 153-1 (광안동),올리브영 광안리점
수영구,부산광역시 수영구 광안해변로 235 (민락동),올리브영 광안비치점
수영구,부산광역시 수영구 수영로 384 (남천동),올리브영 남천역점
수영구,부산광역시 수영구 수영로 584 (광안동),올리브영 부산광안역점
수영구,부산광역시 수영구 수영로 631 (광안동),올리브영 부산수영로점
수영구,부산광역시 수영구 수영로 703 (수영동),올리브영 부산수영점
수영구,부산광역시 수영구 광안해변로307번길 20,요이쿠마 본점
수영구,부산광역시 수영구 광서로10번길 68 (광안동),우성삼계탕
수영구,부산광역시 수영구 광남로 63 (남천동),원에잇
수영구,부산광역시 수영구 무학로9번길 133,유토피아관광호텔
수영구,부산광역시 수영구 광안해변로344번길 17-17,윤희횟집
수영구,부산광역시 수영구 민락본동로27번길 56,자매국밥
수영구,부산광역시 수영구 민락수변로 25,자연활어 수정궁
수영구,부산광역시 수영구 민락수변로 147,장덕풍천장어 광안본점
수영구,부산광역시 수영구 연수로 400 (광안동),정관장 수영역점
수영구,"부산광역시 수영구 광안로7번길 17 (광안동, 세종 엠스테이3차)",주식회사뷰티홀릭
수영구,부산광역시 수영구 수영로 409 (남천동),주식회사피알아이피
수영구,부산광역시 수영구 수영로607번길 28 (광안동),책방오월
수영구,부산광역시 수영구 광안해변로 219 (광안동),카운트다운 부산
수영구,부산광역시 수영구 광남로 187 (광안동),콩셉트
수영구,부산광역시 수영구 광남로48번길 29 (남천동),크레이지서퍼스(크레이지컬처스주식회사)
수영구,부산광역시 수영구 무학로33번길 57,타타에스프레소바
수영구,"부산광역시 수영구 광남로 96 (광안동, 광안 포디움프레스티지 1)",포디움다이브
수영구,부산광역시 수영구 광남로 129 (광안동),하버요가&무브먼트
수영구,부산광역시 수영구 광남로120번길 8,할매재첩국
수영구,부산광역시 수영구 수영로594번길 7 (광안동),호두스테이
수영구,부산광역시 수영구 광안해변로 217,호메르스호텔
수영구,부산광역시 수영구 광안해변로 225,호텔 아쿠아펠리스
수영구,부산광역시 수영구 과정로16번길 23,홍순덕 전포양곱창
수영구,부산광역시 수영구 수영로 551 (광안동),휴베이스 광안바다약국
수영구,부산광역시 수영구 광안해변로 219 (광안동),2026 나이트레이스 인 부산
수영구,부산광역시 수영구 연수로379번길 42,25의용단
수영구,부산광역시 수영구 구락로123번길 20,F1963
수영구,부산광역시 수영구 남천바다로 31-1,JSTAY
수영구,부산광역시 수영구 수영로 589-1,J모텔(제이모텔)
수영구,부산광역시 수영구 광남로 151,The Park Guest House
수영구,부산광역시 수영구 망미번영로55번길 35,[백년가게]옥미아구찜
사상구,부산광역시 사상구 낙동대로 1564,곰보식당
사상구,부산광역시 사상구 학감대로39번안길 15-17,구덕민속촌
사상구,부산광역시 사상구 광장로 7 (괘법동),귀금당 르네시떼
사상구,부산광역시 사상구 광장로 7 (괘법동),그릇나라 르네시떼점
사상구,부산광역시 사상구 광장로 7 (괘법동),금석쥬얼리 르네시떼점
사상구,부산광역시 사상구 사상로 201 (괘법동),나이키 애플아울렛 부산점
사상구,부산광역시 사상구 사상로 7,낙원반점
사상구,부산광역시 사상구 광장로 68,대궐안집
사상구,부산광역시 사상구 사상로285번길 8-5,덕포시장
사상구,부산광역시 사상구 낙동대로 733 (엄궁동),롯데마트 사상점
사상구,부산광역시 사상구 낙동대로 733 (엄궁동),롯데하이마트 롯데마트 사상점
사상구,부산광역시 사상구 광장로 25 (괘법동),롯데하이마트 사상점
사상구,부산광역시 사상구 광장로 60 (괘법동),르네상스호텔
사상구,부산광역시 사상구 가야대로 346 (주례동),명품편집샵 럭스보이 본점
사상구,부산광역시 사상구 광장로 7 (괘법동),모던하우스 홈플러스 서부산점
사상구,부산광역시 사상구 모라동,백양산 웰빙숲
사상구,부산광역시 사상구 광장로 7,부산 르네시떼
사상구,부산광역시 사상구 농산물시장로9번길 11 (엄궁동),부산 엄궁농산물도매시장
사상구,부산광역시 사상구 삼락동,부산국제록페스티벌
사상구,부산광역시 사상구 사상로310번길 33 (덕포동),부산도서관
사상구,부산광역시 사상구 새벽로 141 (감전동),부산새벽시장
사상구,부산광역시 사상구 덕상로72번길 9,부산점자도서관
사상구,부산광역시 사상구 사상로 214,부전돼지국밥
사상구,부산광역시 사상구 강변대로 420-7 (엄궁동),비상(VSANT)
사상구,부산광역시 사상구 사상로223번길 40 (괘법동),사상 가로공원 벚꽃야장(野/夜) 페스티벌
사상구,부산광역시 사상구 가야대로 35,사상근린공원
사상구,부산광역시 사상구 가야대로196번길 51,사상문화원
사상구,부산광역시 사상구 낙동대로1258번길 36 (삼락동),사상생활사박물관
사상구,부산광역시 사상구 낙동대로1518번길 27 (삼락동),사천게장집
사상구,부산광역시 사상구 삼락동,삼락강변체육공원인라인스케이트장
사상구,부산 사상구 삼락동 29-46,삼락생태공원
사상구,부산광역시 사상구 삼락동 29-21,삼락수상레포츠타운
사상구,부산광역시 사상구 광장로 35 (괘법동),삼성스토어 사상
사상구,부산광역시 사상구 광장로 7 (괘법동),싹쓰리양말
사상구,부산광역시 사상구 사상로 201,애플아울렛
사상구,부산광역시 사상구 백양대로804번길 42-57 약수암,약수암(부산)
사상구,부산광역시 사상구 사상로 201 (괘법동),에잇세컨즈 애플아울렛 사상점
사상구,부산광역시 사상구 광장로 7 (괘법동),엘가 부산점
사상구,부산광역시 사상구 대동로107번길 17 오르디,오르디
사상구,부산광역시 사상구 냉정로 116 (주례동),올리브영 경남정보대점
사상구,부산광역시 사상구 광장로 25 (괘법동),올리브영 부산사상광장점
사상구,부산광역시 사상구 사상로 204 (괘법동),올리브영 부산사상점
사상구,부산광역시 사상구 사상로 201 (괘법동),올리브영 애플아울렛 사상점
사상구,부산광역시 사상구 광장로 7 (괘법동),옷이날개 르네시떼점
사상구,부산광역시 사상구 학감대로 2 (학장동),우디브룩
사상구,부산광역시 사상구 모라로219번길 173,운수사(부산)
사상구,부산광역시 사상구 학감대로 241 (감전동),워크업 부산사상점
사상구,부산광역시 사상구 광장로 7 (괘법동),은하수 르네시떼점
사상구,부산광역시 사상구 낙동대로 733 (엄궁동),이니스프리 롯데마트 사상점
사상구,부산광역시 사상구 광장로 17 (괘법동),이마트 사상점
사상구,부산광역시 사상구 가야대로 268-15,전골그집 주례본점
사상구,부산광역시 사상구 낙동대로 782 (엄궁동),정관장 엄궁점
사상구,부산광역시 사상구 주례로 110 (주례동),주례열린도서관
사상구,부산광역시 사상구 낙동대로 1498 주식회사 국제식품,초원농원
사상구,부산광역시 사상구 학감대로191번길 16,카페 바이버
사상구,부산광역시 사상구 대동로 224 (학장동),클래식캠퍼
사상구,부산광역시 사상구 광장로 7 (괘법동),키즈몰 르네시떼점
사상구,부산광역시 사상구 광장로 7 (괘법동),한양장식 르네시떼점
사상구,부산광역시 사상구 광장로 34,합천일류돼지국밥
사상구,부산광역시 사상구 사상로 316,해물왕창칼국수
사상구,부산광역시 사상구 광장로81번길 72,호텔야자 사상터미널점
사상구,부산광역시 사상구 괘감로 98,77돌곱창
사상구,부산광역시 사상구 광장로 7 (괘법동),9988골드샵 르네시떼점
사상구,부산광역시 사상구 가야대로330번길 89 (주례동),CU 동서대2호점
사상구,부산광역시 사상구 광장로 7 (괘법동),ID 르네시떼점
사상구,부산광역시 사상구 광장로 7 (괘법동),Pooh 르네시떼점
기장군,부산광역시 기장군 차성로 327-2 가마솥생복집,가마솥생복집
기장군,부산광역시 기장군 정관읍 정관8로 28,가야포차선지국
기장군,부산광역시 기장군 기장읍 기장해안로 147,갤럭시 롯데프리미엄아울렛 동부산점
기장군,부산광역시 기장군 기장읍 기장해안로 147,게스 롯데프리미엄아울렛 동부산점
기장군,부산광역시 기장군 장안읍 정관로 1133,게스&게스언더웨어 신세계사이먼프리미엄아울렛 부산점
기장군,부산광역시 기장군 장안읍 정관로 1133,게스진 신세계사이먼프리미엄아울렛 부산점
기장군,부산광역시 기장군 기장읍 기장해안로 147,겐조 롯데프리미엄아울렛 동부산점
기장군,부산광역시 기장군 기장읍 기장해안로 147,겐조키즈 롯데프리미엄아울렛 동부산점
기장군,부산광역시 기장군 철마면 반송로 1180,경전철 홍보관
기장군,부산광역시 기장군 장안읍 해맞이로 454,고리원자력홍보관
기장군,부산광역시 기장군 장안읍 해맞이로 286,고스락
기장군,부산광역시 기장군 기장읍 연화길 33-8,고향연화
기장군,부산광역시 기장군 기장읍 기장해안로 147,골든듀 롯데프리미엄아울렛 동부산점
기장군,부산광역시 기장군 장안읍 정관로 1133,골든듀 신세계사이먼프리미엄아울렛 부산점
기장군,부산광역시 기장군 장안읍 정관로 1133,골프존마켓 신세계사이먼프리미엄아울렛 부산점
기장군,부산광역시 기장군 철마면 웅천리 254-4,곰내연밭
기장군,부산광역시 기장군 기장읍 공수해안길 41,공극샌드커피
기장군,부산광역시 기장군 기장읍 공수해안길 13-2,공수어촌체험마을
기장군,부산광역시 기장군 장안읍 정관로 1133,구호 신세계사이먼프리미엄아울렛 부산점
기장군,부산광역시 기장군 일광면 화용길 299-106,국립달음산자연휴양림
기장군,부산광역시 기장군 기장읍 동부산관광6로 59,국립부산과학관
기장군,부산광역시 기장군 기장읍 기장해안로 216,국립수산과학관
기장군,부산광역시 기장군 일광읍 일광로 354,그릿비 일광
기장군,부산광역시 기장군 기장읍 기장해안로 147,기비키이스 롯데프리미엄아울렛 동부산점
기장군,부산광역시 기장군 기장읍 공수1길 3,기장국보미역 본점
기장군,부산광역시 기장군 정관읍 구연3로 27,기장군반려동물문화축제
기장군,부산광역시 기장군 기장읍 기장해안로 895,기장끝집 죽성본점
기장군,부산광역시 기장군 기장읍 기장해안로 605,기장멸치축제
기장군,부산광역시 기장군 기장읍 청강로74번길 35-6,기장문화원
기장군,부산광역시 기장군 일광읍 칠암리,기장붕장어축제in칠암
기장군,부산광역시 기장군 기장읍 시랑리 571-4,기장종가집곰장어
기장군,부산광역시 기장군 기장읍 차성로417번길 35,기장향교
기장군,부산광역시 기장군 일광읍 화용길 53-83,김바당
기장군,부산광역시 기장군 기장읍 동부산관광9로 15,김치스쿨 부산지점
기장군,부산광역시 기장군 일광읍 문오성길 509,꺼먹동네횟집
기장군,부산광역시 기장군 기장읍 기장해안로 147,끌로디피에로 롯데프리미엄아울렛 동부산점
기장군,부산광역시 기장군 기장읍 기장해안로 147,나이스클랍 롯데프리미엄아울렛 동부산점
기장군,부산광역시 기장군 기장읍 기장해안로 147,나이키 롯데프리미엄아울렛 동부산점
기장군,부산광역시 기장군 장안읍 정관로 1133,나이키 신세계사이먼프리미엄아울렛 부산점
기장군,부산광역시 기장군 기장읍 기장해안로 147,나이키골프 롯데프리미엄아울렛 동부산점
기장군,부산광역시 기장군 기장읍 기장해안로 147,나이키키즈 롯데프리미엄아울렛 동부산점
기장군,부산광역시 기장군 기장읍 기장해안로 147,난닝구 롯데프리미엄아울렛 동부산점
기장군,부산광역시 기장군 기장읍 기장해안로 572,남항횟집
기장군,부산광역시 기장군 기장읍 기장해안로 147,내셔널지오그래픽 롯데프리미엄아울렛 동부산점
기장군,부산광역시 기장군 장안읍 정관로 1133,내셔널지오그래픽 신세계사이먼프리미엄아울렛 부산점
기장군,부산광역시 기장군 기장읍 읍내로 108,네이처컬렉션 부산기장점
기장군,부산광역시 기장군 기장읍 기장해안로 147,네파 롯데프리미엄아울렛 동부산점
기장군,부산광역시 기장군 기장읍 기장해안로 147,네파키즈 롯데프리미엄아울렛 동부산점
기장군,부산광역시 기장군 기장읍 기장해안로 147,노르디스크 롯데프리미엄아울렛 동부산점
기장군,부산광역시 기장군 장안읍 정관로 1133,노르디스크 신세계사이먼프리미엄아울렛 부산점
기장군,부산광역시 기장군 기장읍 기장해안로 147,노스페이스 롯데프리미엄아울렛 동부산점
기장군,부산광역시 기장군 장안읍 정관로 1133,노스페이스 신세계사이먼프리미엄아울렛 부산점
기장군,부산광역시 기장군 기장읍 기장해안로 147,노이어 롯데프리미엄아울렛 동부산점
기장군,부산광역시 기장군 기장읍 기장해안로 147,뉴발란스 롯데프리미엄아울렛 동부산점
기장군,부산광역시 기장군 장안읍 정관로 1133,뉴발란스 신세계사이먼프리미엄아울렛 부산점
기장군,부산광역시 기장군 기장읍 기장해안로 147,뉴발란스키즈 롯데프리미엄아울렛 동부산점
기장군,부산광역시 기장군 장안읍 정관로 1133,뉴에라 신세계사이먼프리미엄아울렛 부산점
기장군,부산광역시 기장군 기장읍 기장해안로 147,다이나핏 롯데프리미엄아울렛 동부산점
기장군,부산광역시 기장군 장안읍 정관로 1133,다이나핏 신세계사이먼프리미엄아울렛 부산점
기장군,부산광역시 기장군 기장읍 기장해안로 147,닥스 롯데프리미엄아울렛 동부산점
기장군,부산광역시 기장군 장안읍 정관로 1133,닥스 신세계사이먼프리미엄아울렛 부산점
기장군,부산광역시 기장군 기장읍 기장해안로 147,닥스 종합 롯데프리미엄아울렛 동부산점
기장군,부산광역시 기장군 장안읍 정관로 1133,닥스ACC 신세계사이먼프리미엄아울렛 부산점
기장군,부산광역시 기장군 기장읍 기장해안로 147,닥스구두 롯데프리미엄아울렛 동부산점
기장군,부산광역시 기장군 기장읍 기장해안로 147,닥스키즈 롯데프리미엄아울렛 동부산점
기장군,부산광역시 기장군 기장읍 기장해안로 147,닥스핸드백 롯데프리미엄아울렛 동부산점
기장군,부산광역시 기장군 장안읍 대룡1길 10,대룡마을
기장군,부산광역시 기장군 기장읍 기장해안로 605,대변마을
기장군,부산광역시 기장군 기장읍 대변리 444-72,대변시장
기장군,부산광역시 기장군 기장읍 기장해안로 668,대변어촌계해녀특산물판매장
기장군,부산광역시 기장군 기장해안로 98,대보름
기장군,부산광역시 기장군 당사로5길 6,더가마
기장군,부산광역시 기장군 장안읍 해맞이로 290,더무빙 카라반
기장군,부산광역시 기장군 기장읍 기장해안로 62,더바베큐051
기장군,부산광역시 기장군 장안읍 정관로 1133,더일마 신세계사이먼프리미엄아울렛 부산점
기장군,부산광역시 기장군 기장읍 기장해안로 147,더코스메틱컴퍼니스토어 롯데프리미엄아울렛 동부산점
기장군,부산광역시 기장군 장안읍 정관로 1133,더코스메틱컴퍼니스토어 신세계사이먼프리미엄아울렛 부산점
기장군,부산광역시 기장군 기장읍 동암해안길 77,덕미
기장군,부산광역시 기장군 기장읍 기장해안로 147,데무 롯데프리미엄아울렛 동부산점
기장군,부산광역시 기장군 기장읍 기장해안로 147,데상트 롯데프리미엄아울렛 동부산점
기장군,부산광역시 기장군 장안읍 정관로 1133,데상트 신세계사이먼프리미엄아울렛 부산점
기장군,부산광역시 기장군 장안읍 정관로 1133,데상트골프 신세계사이먼프리미엄아울렛 부산점
기장군,부산광역시 기장군 기장읍 기장해안로 147,듀엘 롯데프리미엄아울렛 동부산점
기장군,부산광역시 기장군 장안읍 정관로 1133,듀엘 신세계사이먼프리미엄아울렛 부산점
기장군,부산광역시 기장군 기장읍 기장해안로 147,듀퐁부틱 롯데프리미엄아울렛 동부산점
기장군,부산광역시 기장군 기장읍 기장해안로 147,듀퐁슈즈 롯데프리미엄아울렛 동부산점
기장군,부산광역시 기장군 기장읍 기장해안로 147,드로우핏 롯데프리미엄아울렛 동부산점
기장군,부산광역시 기장군 기장읍 기장해안로 147,디스커버리 롯데프리미엄아울렛 동부산점
기장군,부산광역시 기장군 장안읍 정관로 1133,디스커버리 신세계사이먼프리미엄아울렛 부산점
기장군,부산광역시 기장군 일광읍 일광로 326,디원카페
기장군,부산광역시 기장군 장안읍 정관로 1133,띠어리남성 신세계사이먼프리미엄아울렛 부산점
기장군,부산광역시 기장군 장안읍 정관로 1133,라이프워크 신세계사이먼프리미엄아울렛 부산점
기장군,부산광역시 기장군 장안읍 정관로 1133,라인 신세계사이먼프리미엄아울렛 부산점
기장군,부산광역시 기장군 기장읍 기장해안로 147,라코스테 롯데프리미엄아울렛 동부산점
기장군,부산광역시 기장군 장안읍 정관로 1133,라코스테 신세계사이먼프리미엄아울렛 부산점
기장군,부산광역시 기장군 장안읍 정관로 1133,락포트 신세계사이먼프리미엄아울렛 부산점
기장군,부산광역시 기장군 장안읍 정관로 1133,랄프로렌 신세계사이먼프리미엄아울렛 부산점
기장군,부산광역시 기장군 기장읍 기장해안로 147,러쉬 롯데프리미엄아울렛 동부산점
기장군,부산광역시 기장군 기장읍 기장해안로 147,럭키슈에뜨 롯데프리미엄아울렛 동부산점
기장군,부산광역시 기장군 기장읍 기장해안로 147,레노마 롯데프리미엄아울렛 동부산점
기장군,부산광역시 기장군 기장읍 기장해안로 147,레노마수영복 롯데프리미엄아울렛 동부산점
기장군,부산광역시 기장군 기장읍 기장해안로 147,레노마정장 롯데프리미엄아울렛 동부산점
기장군,부산광역시 기장군 기장읍 기장해안로 147,레노마홈 코지네스트 롯데프리미엄아울렛 동부산점
기장군,부산광역시 기장군 장안읍 정관로 1133,레이밴 신세계사이먼프리미엄아울렛 부산점
기장군,부산광역시 기장군 기장읍 기장해안로 147,레이브 롯데프리미엄아울렛 동부산점
기장군,부산광역시 기장군 기장읍 기장해안로 147,레코브 롯데프리미엄아울렛 동부산점
기장군,부산광역시 기장군 기장읍 기장해안로 147,로가디스 롯데프리미엄아울렛 동부산점
기장군,부산광역시 기장군 장안읍 정관로 1133,로가디스 신세계사이먼프리미엄아울렛 부산점
기장군,부산광역시 기장군 일광읍 기장대로 868-34,로아누
기장군,부산광역시 기장군 장안읍 정관로 1133,로얄코펜하겐 신세계사이먼프리미엄아울렛 부산점
기장군,부산광역시 기장군 기장읍 기장해안로 147,롯데마트 롯데프리미엄아울렛 동부산점
기장군,부산광역시 기장군 동부산관광로 42,롯데월드 어드벤처 부산
기장군,부산광역시 기장군 기장읍 기장해안로 147,롯데프리미엄아울렛 동부산점
기장군,부산광역시 기장군 기장읍 읍내로 91,롯데하이마트 기장점
기장군,부산광역시 기장군 정관읍 정관6로 45,롯데하이마트 정관점
기장군,부산광역시 기장군 기장읍 기장해안로 147,루이까또즈 롯데프리미엄아울렛 동부산점
기장군,부산광역시 기장군 기장읍 기장해안로 147,룩옵티컬 롯데프리미엄아울렛 동부산점
기장군,부산광역시 기장군 장안읍 정관로 1133,르꼬끄스포르티브 신세계사이먼프리미엄아울렛 부산점
기장군,부산광역시 기장군 기장읍 기장해안로 147,르꼬끄스포츠 롯데프리미엄아울렛 동부산점
기장군,부산광역시 기장군 기장읍 기장해안로 147,리바이스 롯데프리미엄아울렛 동부산점
기장군,부산광역시 기장군 장안읍 정관로 1133,리바이스 신세계사이먼프리미엄아울렛 부산점
기장군,부산광역시 기장군 일광로 582-44,리버사이드
기장군,부산광역시 기장군 기장읍 기장해안로 147,리스트 롯데프리미엄아울렛 동부산점
기장군,부산광역시 기장군 기장읍 기장해안로 147,리틀그라운드 롯데프리미엄아울렛 동부산점
기장군,부산광역시 기장군 기장읍 기장해안로 147,링스골프 롯데프리미엄아울렛 동부산점
기장군,부산광역시 기장군 장안읍 정관로 1133,마뗑킴 신세계사이먼프리미엄아울렛 부산점
기장군,부산광역시 기장군 일광읍 일광로 350,마레레스토랑
기장군,부산광역시 기장군 기장읍 기장해안로 147,마리떼프랑소와저버 롯데프리미엄아울렛 동부산점
기장군,부산광역시 기장군 장안읍 정관로 1133,마리떼프랑소와저버 신세계사이먼프리미엄아울렛 부산점
기장군,부산광역시 기장군 일광읍 일광로 290,마리솔
기장군,부산광역시 기장군 기장읍 기장해안로 147,마에스트로 롯데프리미엄아울렛 동부산점
기장군,부산광역시 기장군 장안읍 정관로 1133,마이클코어스 신세계사이먼프리미엄아울렛 부산점
기장군,부산광역시 기장군 기장읍 기장해안로 147,마인 롯데프리미엄아울렛 동부산점
기장군,부산광역시 기장군 장안읍 정관로 1133,마인 신세계사이먼프리미엄아울렛 부산점
기장군,부산광역시 기장군 기장읍 기장해안로 147,마인드브릿지 롯데프리미엄아울렛 동부산점
기장군,부산광역시 기장군 장안읍 정관로 1133,마쥬 신세계사이먼프리미엄아울렛 부산점
기장군,부산광역시 기장군 기장읍 동부산관광7로 17,마티에 오시리아
기장군,부산광역시 기장군 월내2길 10-36 마포면옥,마포면옥
기장군,부산광역시 기장군 기장읍 기장해안로 147,막스마라 롯데프리미엄아울렛 동부산점
기장군,부산광역시 기장군 기장읍 기장해안로 147,만다리나덕 롯데프리미엄아울렛 동부산점
기장군,부산광역시 기장군 장안읍 정관로 1133,만다리나덕 신세계사이먼프리미엄아울렛 부산점
기장군,부산광역시 기장군 기장읍 반송로 1392,만달리
기장군,부산광역시 기장군 구연로 18-8,만선해물탕
기장군,부산광역시 기장군 기장읍 기장해안로 147,말본골프 롯데프리미엄아울렛 동부산점
기장군,부산광역시 기장군 장안읍 정관로 1133,맨온더분 신세계사이먼프리미엄아울렛 부산점
기장군,부산광역시 기장군 기장읍 기장해안로 147,먼싱웨어 롯데프리미엄아울렛 동부산점
기장군,부산광역시 기장군 일광읍 기장대로 673,메가마트 기장점
기장군,부산광역시 기장군 기장읍 기장해안로 871-1,메르데쿠르
기장군,부산광역시 기장군 일광읍 화용길 53-33,메밀447
기장군,부산광역시 기장군 일광읍 일광로 754,메이크씨
기장군,부산광역시 기장군 기장읍 기장해안로 34-20,명품물회
기장군,부산광역시 기장군 장안읍 정관로 1133,모스키노 신세계사이먼프리미엄아울렛 부산점
기장군,부산광역시 기장군 기장읍 기장해안로 147,모조에스핀 롯데프리미엄아울렛 동부산점
기장군,부산광역시 기장군 기장읍 차성동로73번길 12,못난이식당 기장점
기장군,부산광역시 기장군 기장읍 기장해안로 147,몽벨 롯데프리미엄아울렛 동부산점
기장군,부산광역시 기장군 기장읍 기장해안로 147,몽클레르 롯데프리미엄아울렛 동부산점
기장군,부산광역시 기장군 장안읍 해맞이로 253-38,묘관음사
기장군,부산광역시 기장군 기장읍 연화1길 137,무진장횟집
기장군,부산광역시 기장군 기장읍 기장해안로 147,무크 롯데프리미엄아울렛 동부산점
기장군,부산광역시 기장군 철마면 미동길 19,미동암소정
기장군,부산광역시 기장군 기장읍 기장해안로 147,미샤 롯데프리미엄아울렛 동부산점
기장군,부산광역시 기장군 장안읍 정관로 1133,미샤 신세계사이먼프리미엄아울렛 부산점
기장군,부산광역시 기장군 기장읍 기장해안로 147,미셸by탠디 롯데프리미엄아울렛 동부산점
기장군,부산광역시 기장군 기장읍 기장해안로 147,미소페 롯데프리미엄아울렛 동부산점
기장군,부산광역시 기장군 기장읍 기장해안로 147,미쉘바이탠디 롯데프리미엄아울렛 동부산점
기장군,부산광역시 기장군 기장읍 기장해안로 147,미즈노 롯데프리미엄아울렛 동부산점
기장군,부산광역시 기장군 일광면 기장해안로 1303,미청식당
기장군,부산광역시 기장군 기장읍 기장해안로 147,바네사브루노 롯데프리미엄아울렛 동부산점
기장군,부산광역시 기장군 장안읍 정관로 1133,바네사브루노 신세계사이먼프리미엄아울렛 부산점
기장군,부산광역시 기장군 정관읍 병산1길 102-19,바모스승마클럽
기장군,부산광역시 기장군 장안읍 정관로 1133,바바라 신세계사이먼프리미엄아울렛 부산점
기장군,부산광역시 기장군 기장읍 동암해안길 6,바보낙지
기장군,부산광역시 기장군 임랑해안길 1 박태준기념관,박태준기념관
기장군,부산광역시 기장군 기장읍 기장해안로 147,반에이크 롯데프리미엄아울렛 동부산점
기장군,부산광역시 기장군 기장읍 기장해안로 147,발렌시아가 롯데프리미엄아울렛 동부산점
기장군,부산광역시 기장군 철마면 개좌로 763-25,밤나무집
기장군,부산광역시 기장군 기장읍 기장해안로 147,배럴 롯데프리미엄아울렛 동부산점
기장군,부산광역시 기장군 기장읍 기장해안로 147,버버리 롯데프리미엄아울렛 동부산점
기장군,부산광역시 기장군 기장읍 기장해안로 147,버커루 롯데프리미엄아울렛 동부산점
기장군,부산광역시 기장군 기장읍 기장해안로 147,베네통 롯데프리미엄아울렛 동부산점
기장군,부산광역시 기장군 장안읍 정관로 1133,베네통 신세계사이먼프리미엄아울렛 부산점
기장군,부산광역시 기장군 기장읍 기장해안로 147,베네통키즈 롯데프리미엄아울렛 동부산점
기장군,부산광역시 기장군 기장읍 기장해안로 147,베르니스 롯데프리미엄아울렛 동부산점
기장군,부산광역시 기장군 장안읍 정관로 1133,보니타하우스 신세계사이먼프리미엄아울렛 부산점
기장군,부산광역시 기장군 기장읍 기장해안로 147,보브 롯데프리미엄아울렛 동부산점
기장군,부산광역시 기장군 장안읍 정관로 1133,보스 신세계사이먼프리미엄아울렛 부산점
기장군,부산광역시 기장군 기장읍 기장해안로 147,보테가베네타 롯데프리미엄아울렛 동부산점
기장군,부산광역시 기장군 기장읍 연화2길 14-1,본가딸부자전복죽집
기장군,부산광역시 기장군 기장읍 기장해안로 147,볼빅 롯데프리미엄아울렛 동부산점
기장군,부산 기장군 기장읍 대라리 72-3,부산 기장시장
기장군,부산광역시 기장군 철마면 철마천로 101,부산 치유의 숲
기장군,부산광역시 기장군 기장읍 차성동로126번길 13-5,부산광역시 기장도서관
기장군,부산광역시 기장군 장안읍 기장대로 1647-149,부산기장승마장
기장군,부산광역시 기장군 정관읍 구연3로 17,부산조개창고
기장군,부산광역시 기장군 기장읍 기장해안로 147,분크 롯데프리미엄아울렛 동부산점
기장군,부산광역시 기장군 기장읍 기장해안로 147,뷰어 롯데프리미엄아울렛 동부산점
기장군,부산광역시 기장군 정관읍 산단1로 98-31,브라운도트호텔 정관점
기장군,부산광역시 기장군 철마면 개좌로 763-25,브라운피크닉
기장군,부산광역시 기장군 병산로 117,브레이크인커피
기장군,부산광역시 기장군 장안읍 정관로 1133,브룩스브라더스 신세계사이먼프리미엄아울렛 부산점
기장군,부산광역시 기장군 동부산관광로 8,브릭캠퍼스 부산
기장군,부산광역시 기장군 기장읍 기장해안로 147,블랙야크 롯데프리미엄아울렛 동부산점
기장군,부산광역시 기장군 기장읍 기장해안로 147,비비안 롯데프리미엄아울렛 동부산점
기장군,부산광역시 기장군 기장읍 기장해안로 147,비비안웨스트우드 롯데프리미엄아울렛 동부산점
기장군,부산광역시 기장군 장안읍 정관로 1133,비비안웨스트우드 신세계사이먼프리미엄아울렛 부산점
기장군,부산광역시 기장군 장안읍 정관로 1133,비이커 신세계사이먼프리미엄아울렛 부산점
기장군,부산광역시 기장군 기장읍 기장해안로 147,빈폴 롯데프리미엄아울렛 동부산점
기장군,부산광역시 기장군 장안읍 정관로 1133,빈폴 신세계사이먼프리미엄아울렛 부산점
기장군,부산광역시 기장군 기장읍 기장해안로 147,쁘렝땅 롯데프리미엄아울렛 동부산점
기장군,부산광역시 기장군 장안읍 정관로 1133,쁘렝땅 신세계사이먼프리미엄아울렛 부산점
기장군,부산광역시 기장군 기장읍 기장해안로 147,사만사타바사 롯데프리미엄아울렛 동부산점
기장군,부산광역시 기장군 기장읍 기장해안로 147,사우스케이프 롯데프리미엄아울렛 동부산점
기장군,부산광역시 기장군 기장읍 기장해안로 147,산드로 롯데프리미엄아울렛 동부산점
기장군,부산광역시 기장군 장안읍 정관로 1133,산드로 신세계사이먼프리미엄아울렛 부산점
기장군,부산광역시 기장군 기장읍 기장해안로 147,살로몬 롯데프리미엄아울렛 동부산점
기장군,부산광역시 기장군 장안읍 정관로 1133,삼성스토어 신세계사이먼프리미엄아울렛 부산점
기장군,부산광역시 기장군 기장읍 기장해안로 147,생로랑 롯데프리미엄아울렛 동부산점
기장군,부산광역시 기장군 정관읍 용수공단2길 70-14,석탑사
기장군,부산광역시 기장군 기장읍 기장해안로 147,소다 롯데프리미엄아울렛 동부산점
기장군,부산광역시 기장군 장안읍 정관로 1133,소다 신세계사이먼프리미엄아울렛 부산점
기장군,부산광역시 기장군 정관읍 방곡리,소두방공원
기장군,부산광역시 기장군 장안읍 정관로 1133,솔리드옴므 신세계사이먼프리미엄아울렛 부산점
기장군,부산광역시 기장군 철마면 두송길 7-31,송정전통재래시장
기장군,부산광역시 기장군 공수해안길 57-2,송정해녀집
기장군,부산광역시 기장군 기장읍 기장해안로 147,슈콤마보니 롯데프리미엄아울렛 동부산점
기장군,부산광역시 기장군 기장읍 기장해안로 147,스노우피크 롯데프리미엄아울렛 동부산점
기장군,부산광역시 기장군 장안읍 정관로 1133,스노우피크 신세계사이먼프리미엄아울렛 부산점
기장군,부산광역시 기장군 기장읍 기장해안로 147,스와로브스키 롯데프리미엄아울렛 동부산점
기장군,부산광역시 기장군 기장읍 기장해안로 205,스카이라인 루지 부산
기장군,부산광역시 기장군 정관읍 정관중앙로 45,스카이롤러파크
기장군,부산광역시 기장군 기장읍 기장해안로 147,스케쳐스 롯데프리미엄아울렛 동부산점
기장군,부산광역시 기장군 기장읍 기장해안로 147,스케쳐스USA 롯데프리미엄아울렛 동부산점
기장군,부산광역시 기장군 장안읍 정관로 1133,스타일온에어 신세계사이먼프리미엄아울렛 부산점
기장군,부산광역시 기장군 기장읍 기장해안로 147,스톤아일랜드 롯데프리미엄아울렛 동부산점
기장군,부산광역시 기장군 기장읍 기장해안로 147,스튜디오톰보이 롯데프리미엄아울렛 동부산점
기장군,부산광역시 기장군 장안읍 정관로 1133,스튜디오톰보이 신세계사이먼프리미엄아울렛 부산점
기장군,부산광역시 기장군 기장읍 기장해안로 147,스파이더 롯데프리미엄아울렛 동부산점
기장군,부산광역시 기장군 장안읍 정관로 1133,스파이더 신세계사이먼프리미엄아울렛 부산점
기장군,부산광역시 기장군 기장읍 기장해안로 98,시랑
기장군,부산광역시 기장군 기장읍 기장해안로 147,시리즈 롯데프리미엄아울렛 동부산점
기장군,부산광역시 기장군 장안읍 정관로 1133,시리즈 신세계사이먼프리미엄아울렛 부산점
기장군,부산광역시 기장군 기장읍 기장해안로 147,시스템 롯데프리미엄아울렛 동부산점
기장군,부산광역시 기장군 장안읍 정관로 1133,시스템옴므 신세계사이먼프리미엄아울렛 부산점
기장군,부산광역시 기장군 기장읍 기장해안로 147,시스티나 롯데프리미엄아울렛 동부산점
기장군,부산광역시 기장군 기장읍 기장해안로 147,시슬리 롯데프리미엄아울렛 동부산점
기장군,부산광역시 기장군 정관로 1133 부산프리미엄아울렛,신세계사이먼 부산 프리미엄 아울렛
기장군,부산광역시 기장군 일광면 일광로 582-47,신평소공원
기장군,부산광역시 기장군 기장읍 기장해안로 147,쌤소나이트 롯데프리미엄아울렛 동부산점
기장군,부산광역시 기장군 장안읍 정관로 1133,쌤소나이트 신세계사이먼프리미엄아울렛 부산점
기장군,부산광역시 기장군 기장읍 기장해안로 147,써스데이아일랜드 롯데프리미엄아울렛 동부산점
기장군,부산광역시 기장군 기장읍 기장해안로 267-7,아난티 앳 부산 빌라쥬
기장군,부산광역시 기장군 기장읍 기장해안로 268-32,아난티 앳 부산 코브
기장군,부산광역시 기장군 일광읍 문오성길 162-1,아데초이
기장군,부산광역시 기장군 기장읍 기장해안로 147,아디다스 롯데프리미엄아울렛 동부산점
기장군,부산광역시 기장군 장안읍 정관로 1133,아디다스 신세계사이먼프리미엄아울렛 부산점
기장군,부산광역시 기장군 기장읍 기장해안로 147,아디다스골프 롯데프리미엄아울렛 동부산점
기장군,부산광역시 기장군 문오성길 281,아라진
기장군,부산광역시 기장군 기장읍 기장해안로 147,아레나 롯데프리미엄아울렛 동부산점
기장군,부산광역시 기장군 장안읍 정관로 1133,아르마니 스토어 신세계사이먼프리미엄아울렛 부산점
기장군,부산광역시 기장군 기장읍 반송로 1628,아수라
기장군,부산광역시 기장군 일광면 차양길 26,아시아드 컨트리클럽
기장군,부산광역시 기장군 기장읍 기장해안로 147,아워패션 롯데프리미엄아울렛 동부산점
기장군,부산광역시 기장군 기장읍 기장해안로 147,아이더 롯데프리미엄아울렛 동부산점
기장군,부산광역시 기장군 장안읍 정관로 1133,아이더 신세계사이먼프리미엄아울렛 부산점
기장군,부산광역시 기장군 기장읍 기장해안로 147,아이에비뉴 롯데프리미엄아울렛 동부산점
기장군,부산광역시 기장군 기장읍 기장해안로 147,아이잗바바 롯데프리미엄아울렛 동부산점
기장군,부산광역시 기장군 장안읍 정관로 1133,아이잗바바 신세계사이먼프리미엄아울렛 부산점
기장군,부산광역시 기장군 기장읍 기장해안로 147,아트박스 롯데프리미엄아울렛 동부산점
기장군,부산광역시 기장군 장안읍 정관로 1133,아페쎄 신세계사이먼프리미엄아울렛 부산점
기장군,부산광역시 기장군 철마면 미동길 37-1,아홉산숲
기장군,부산광역시 기장군 기장읍 기장해안로 147,안다르 롯데프리미엄아울렛 동부산점
기장군,부산광역시 기장군 장안읍 장안로 211,안데르센 동화마을
기장군,부산광역시 기장군 반송로 1336 장독마을,안영순베이커리카페
기장군,부산광역시 기장군 기장읍 내리길 461-16,안적사(부산)
기장군,부산광역시 기장군 기장읍 기장해안로 147,알렉산더 맥퀸 롯데프리미엄아울렛 동부산점
기장군,부산광역시 기장군 장안읍 정관로 1133,어뉴골프 신세계사이먼프리미엄아울렛 부산점
기장군,부산광역시 기장군 일광읍 기장해안로 1286,어느멋진날
기장군,부산광역시 기장군 정관읍 병산로 2,어라운드펫
기장군,부산광역시 기장군 장안읍 정관로 1133,어메이징크리 신세계사이먼프리미엄아울렛 부산점
기장군,부산광역시 기장군 일광읍 일광로 582-22,어보
기장군,부산광역시 기장군 장안읍 정관로 1133,언더아머 신세계사이먼프리미엄아울렛 부산점
기장군,부산광역시 기장군 기장읍 기장해안로 147,언더아머 팩토리 하우스 롯데프리미엄아울렛 동부산점
기장군,부산광역시 기장군 기장읍 기장해안로 147,엄브로 롯데프리미엄아울렛 동부산점
기장군,부산광역시 기장군 기장읍 기장해안로 147,에고이스트 롯데프리미엄아울렛 동부산점
기장군,부산광역시 기장군 장안읍 정관로 1133,에고이스트 신세계사이먼프리미엄아울렛 부산점
기장군,부산광역시 기장군 장안읍 정관로 1133,에르메네질도제냐 신세계사이먼프리미엄아울렛 부산점
기장군,부산광역시 기장군 일광읍 학리등대로 34,에스엠비 웰니스 센터
기장군,부산광역시 기장군 기장읍 기장해안로 147,에스제이 롯데프리미엄아울렛 동부산점
기장군,부산광역시 기장군 기장읍 기장해안로 147,에잇세컨즈 롯데프리미엄아울렛 동부산점
기장군,부산광역시 기장군 기장읍 기장해안로 147,에트로 롯데프리미엄아울렛 동부산점
기장군,부산광역시 기장군 장안읍 정관로 1133,에트로 신세계사이먼프리미엄아울렛 부산점
기장군,부산광역시 기장군 일광읍 문오성길 56,엠아이알오
기장군,부산광역시 기장군 장안읍 정관로 1133,엠엠엘지 신세계사이먼프리미엄아울렛 부산점
기장군,부산광역시 기장군 기장읍 연화1길 157,오가다짬뽕
기장군,부산광역시 기장군 기장읍 기장해안로 147,오브제 롯데프리미엄아울렛 동부산점
기장군,부산광역시 기장군 장안읍 정관로 1133,오브제 신세계사이먼프리미엄아울렛 부산점
기장군,부산광역시 기장군 기장읍 시랑리 62-22,오시리아 해안산책로
기장군,부산광역시 기장군 기장읍 기장해안로 147,오일릴리 롯데프리미엄아울렛 동부산점
기장군,부산광역시 기장군 기장읍 기장해안로 147,오즈세컨 롯데프리미엄아울렛 동부산점
기장군,부산광역시 기장군 장안읍 정관로 1133,오즈세컨 신세계사이먼프리미엄아울렛 부산점
기장군,부산광역시 기장군 기장읍 기장해안로 147,오프라벨 롯데프리미엄아울렛 동부산점
기장군,부산광역시 기장군 기장읍 기장해안로 860,오프오
기장군,부산광역시 기장군 일광면 달음길 101,옥정사
기장군,부산광역시 기장군 기장읍 기장해안로 266 5층,옥탑방
기장군,부산광역시 기장군 기장읍 기장해안로 147,온앤온 롯데프리미엄아울렛 동부산점
기장군,부산광역시 기장군 장안읍 정관로 1133,온앤온 신세계사이먼프리미엄아울렛 부산점
기장군,부산광역시 기장군 일광읍 동백리,온정방파제
기장군,부산광역시 기장군 기장읍 기장해안로 147,올리브데올리브 롯데프리미엄아울렛 동부산점
기장군,부산광역시 기장군 기장읍 기장해안로 147,올리브영 롯데프리미엄아울렛 동부산점
기장군,부산광역시 기장군 기장읍 읍내로 111,올리브영 부산기장점
기장군,부산광역시 기장군 일광읍 해송1로 4,올리브영 부산일광점
기장군,부산광역시 기장군 정관읍 정관로 575-3,올리브영 부산정관점
기장군,부산광역시 기장군 장안읍 정관로 1133,올리브영 신세계사이먼프리미엄아울렛 부산점
기장군,부산광역시 기장군 일광면 문오성길 61,올바릇식당 기장본점
기장군,부산광역시 기장군 기장읍 기장해안로 147,올젠 롯데프리미엄아울렛 동부산점
기장군,부산광역시 기장군 기장읍 기장해안로 147,와이드앵글 롯데프리미엄아울렛 동부산점
기장군,부산광역시 기장군 장안읍 정관로 1133,와이드앵글 신세계사이먼프리미엄아울렛 부산점
기장군,부산광역시 기장군 기장읍 기장해안로 147,와이컨셉 롯데프리미엄아울렛 동부산점
기장군,부산광역시 기장군 기장읍 기장해안로 147,와코루 롯데프리미엄아울렛 동부산점
기장군,부산광역시 기장군 기장읍 기장해안로 208,용궁해물야채쟁반짜장
기장군,부산광역시 기장군 기장읍 서부리,용소웰빙공원
기장군,부산광역시 기장군 기장읍 기장해안로 615,용암할매횟집
기장군,부산광역시 기장군 철마면 곰내길 115,우남정
기장군,부산광역시 기장군 기장읍 공수2길 5-1,원조짚불곰장어 기장외가집
기장군,부산광역시 기장군 일광면 참샘길 124,월명사(부산)
기장군,부산광역시 기장군 기장읍 월전해안길 13,월전 활어판매장
기장군,부산광역시 기장군 기장읍 죽성리 154-21,월전장어구이촌
기장군,부산광역시 기장군 기장읍 월전해안길 31,월전포구(월전방파제)
기장군,부산광역시 기장군 일광읍 문오성길 501-3,월화횟집
기장군,부산광역시 기장군 정관읍 병산로 221-19,웨스턴챔버
기장군,부산광역시 기장군 장안읍 해맞이로 286,웨이브온 커피
기장군,부산광역시 기장군 정관읍 정관8로 11,윗골공원
기장군,부산광역시 기장군 기장읍 기장해안로 147,유니클로 롯데프리미엄아울렛 동부산점
기장군,부산광역시 기장군 병산로 303-1,유정1995 기장 본점
기장군,부산광역시 기장군 장안읍 고무로 271-47,은진사
기장군,부산광역시 기장군 장안읍 정관로 1133,이세이미야케 신세계사이먼프리미엄아울렛 부산점
기장군,부산광역시 기장군 장안읍 정관로 1133,이자벨마랑 신세계사이먼프리미엄아울렛 부산점
기장군,부산광역시 기장군 기장해안로 560-5 이화장여관,이화장횟집
기장군,부산광역시 기장군 일광읍 이천8길 38,일광 용천집
기장군,부산광역시 기장군 일광읍 학리등대로 45,일광 카페 숲
기장군,부산광역시 기장군 일광읍 일광로 125-1,일광당
기장군,부산광역시 기장군 일광읍 이화로 3,일광대복집
기장군,부산광역시 기장군 일광면 일광로 334,일광소나무집
기장군,부산광역시 기장군 일광읍 학리등대로 74,일광수산횟집
기장군,부산광역시 기장군 일광읍 일광로 645,일광정
기장군,부산광역시 기장군 일광읍 삼성리,일광해수욕장
기장군,부산광역시 기장군 일광면 학리등대로 102,일미아구찜
기장군,부산광역시 기장군 일광면 일광로 763,임랑카라반파크
기장군,부산광역시 기장군 장안읍 임랑리,임랑해수욕장
기장군,부산광역시 기장군 기장읍 기장해안로 147,잇미샤 롯데프리미엄아울렛 동부산점
기장군,부산광역시 기장군 기장읍 기장해안로 607,장군멸치회촌
기장군,부산광역시 기장군 기장읍 연화1길 169,장씨해녀집
기장군,부산광역시 기장군 장안읍 장안로 482,장안사(부산)
기장군,부산광역시 기장군 장안읍 장안로 482,장안사계곡
기장군,부산광역시 기장군 장안읍 장안로 18,장안캠프
기장군,부산광역시 기장군 일광면 학리길 16,전산가든
기장군,부산광역시 기장군 일광읍 기장대로 673,전자랜드 랜드500 기장메가마트점
기장군,부산광역시 기장군 기장읍 차성로 314,전자랜드 랜드500 기장점
기장군,부산광역시 기장군 정관읍 정관중앙로 122,정관박물관
기장군,부산광역시 기장군 정관읍 구연3로 27,정관생태하천학습문화축제
기장군,부산광역시 기장군 정관읍 정관6로 5-20,정관신도시시장
기장군,부산광역시 기장군 정관읍 모전로 7,정관아쿠아드림파크
기장군,부산광역시 기장군 정관읍 정관8로 16-5,정관온천
기장군,부산광역시 기장군 기장읍 연화리 297-5,젖병등대
기장군,부산광역시 기장군 기장읍 기장해안로 147,제옥스 롯데프리미엄아울렛 동부산점
기장군,부산광역시 기장군 일광읍 이천8길 132-20,제이스 생텀커피
기장군,부산광역시 기장군 일광읍 이천8길 132-20,제이스글램핑
기장군,부산광역시 기장군 기장읍 대변3길 8,제이엠커피로스터스 부산 본점
기장군,부산광역시 기장군 공수2길 3-2,제주항통갈치
기장군,부산광역시 기장군 기장읍 기장해안로 147,주크 롯데프리미엄아울렛 동부산점
기장군,부산광역시 기장군 기장읍 연화1길 215,죽도횟집
기장군,부산광역시 기장군 기장읍 두호1길 2-7,죽성드림세트장
기장군,부산광역시 기장군 기장읍 죽성리 30-33,죽성항
기장군,부산광역시 기장군 기장읍 기장해안로 147,지고트 롯데프리미엄아울렛 동부산점
기장군,부산광역시 기장군 장안읍 정관로 1133,지고트 신세계사이먼프리미엄아울렛 부산점
기장군,부산광역시 기장군 기장읍 기장해안로 147,지미추 롯데프리미엄아울렛 동부산점
기장군,부산광역시 기장군 장안읍 정관로 1133,지오다노 신세계사이먼프리미엄아울렛 부산점
기장군,부산광역시 기장군 기장읍 기장해안로 147,지오송지오 롯데프리미엄아울렛 동부산점
기장군,부산광역시 기장군 일광면 기장해안로 1272,지오클럽
기장군,부산광역시 기장군 기장읍 기장해안로 147,지컷 롯데프리미엄아울렛 동부산점
기장군,부산광역시 기장군 장안읍 정관로 1133,지컷 신세계사이먼프리미엄아울렛 부산점
기장군,부산광역시 기장군 기장읍 기장해안로 147,진도모피 롯데프리미엄아울렛 동부산점
기장군,부산광역시 기장군 기장읍 연화1길 65,진품물회
기장군,부산광역시 기장군 기장읍 기장해안로 147,질스튜어트 롯데프리미엄아울렛 동부산점
기장군,부산광역시 기장군 장안읍 정관로 1133,질스튜어트 신세계사이먼프리미엄아울렛 부산점
기장군,부산광역시 기장군 기장읍 기장해안로 147,질스튜어트뉴욕 롯데프리미엄아울렛 동부산점
기장군,부산광역시 기장군 기장읍 기장해안로 880,채플린
기장군,부산광역시 기장군 장안읍 장안리,척판암(부산)
기장군,부산광역시 기장군 철마면 난들길 8,철마대가한우직판장
기장군,부산광역시 기장군 철마면 개좌로 763,철마원조추어탕
기장군,부산광역시 기장군 철마면 이곡1길 6-6,철마한우산마루
기장군,부산광역시 기장군 철마면 곰내길 308,철마한우수목원
기장군,부산광역시 기장군 화용길 103-17,초오록
기장군,부산광역시 기장군 정관읍 병산1길 18,초원숲속캠핑장
기장군,부산광역시 기장군 일광읍 일광로 648,칠암만장
기장군,부산광역시 기장군 칠암1길 7-10,칠암사계
기장군,부산광역시 기장군 일광면 문오성길 547,칠암일번지횟집
기장군,부산광역시 기장군 일광면 문오성길 510,칠암항
기장군,부산광역시 기장군 일광읍 기장대로 1075-3,카덴96
기장군,부산광역시 기장군 장안읍 상장안1길 29-4,카페 도토리 로스터스
기장군,부산광역시 기장군 기장읍 기장해안로 509,카페공지
기장군,부산광역시 기장군 기장읍 연화1길 73,카페베이스
기장군,부산광역시 기장군 일광읍 일광로 310,카페오시오
기장군,부산광역시 기장군 기장읍 기장해안로 34-16,카페윤
기장군,부산광역시 기장군 기장읍 기장해안로 147,캉골 롯데프리미엄아울렛 동부산점
기장군,부산광역시 기장군 기장읍 기장해안로 147,캉골키즈 롯데프리미엄아울렛 동부산점
기장군,부산광역시 기장군 기장읍 기장해안로 147,캘러웨이 롯데프리미엄아울렛 동부산점
기장군,부산광역시 기장군 기장읍 기장해안로 147,캘빈클라인진 롯데프리미엄아울렛 동부산점
기장군,부산광역시 기장군 기장읍 기장해안로 147,캠브리지 롯데프리미엄아울렛 동부산점
기장군,부산광역시 기장군 기장읍 기장해안로 147,캡텐 롯데프리미엄아울렛 동부산점
기장군,부산광역시 기장군 기장읍 기장해안로 147,커버낫 롯데프리미엄아울렛 동부산점
기장군,부산광역시 기장군 장안읍 정관로 1133,커버낫 신세계사이먼프리미엄아울렛 부산점
기장군,부산광역시 기장군 장안읍 정관로 1133,커스텀멜로우 신세계사이먼프리미엄아울렛 부산점
기장군,부산광역시 기장군 기장읍 기장해안로 147,컨버스 롯데프리미엄아울렛 동부산점
기장군,부산광역시 기장군 기장읍 기장해안로 147,컬럼비아 롯데프리미엄아울렛 동부산점
기장군,부산광역시 기장군 기장읍 기장해안로 147,케네스레이디 롯데프리미엄아울렛 동부산점
기장군,부산광역시 기장군 장안읍 정관로 1133,코닥 신세계사이먼프리미엄아울렛 부산점
기장군,부산광역시 기장군 기장읍 기장해안로 147,코닥어패럴 롯데프리미엄아울렛 동부산점
기장군,부산광역시 기장군 기장읍 기장해안로 147,코데즈컴바인 롯데프리미엄아울렛 동부산점
기장군,부산광역시 기장군 기장읍 기장해안로 147,코드그라피 롯데프리미엄아울렛 동부산점
기장군,부산광역시 기장군 기장읍 기장해안로 32,코랄라니
기장군,부산광역시 기장군 장안읍 정관로 1133,코메타LUX 신세계사이먼프리미엄아울렛 부산점
기장군,부산광역시 기장군 기장읍 기장해안로 147,코오롱스포츠 롯데프리미엄아울렛 동부산점
기장군,부산광역시 기장군 장안읍 정관로 1133,코오롱스포츠 신세계사이먼프리미엄아울렛 부산점
기장군,부산광역시 기장군 기장읍 기장해안로 147,코치 롯데프리미엄아울렛 동부산점
기장군,부산광역시 기장군 장안읍 정관로 1133,코치 신세계사이먼프리미엄아울렛 부산점
기장군,부산광역시 기장군 기장읍 기장해안로 147,콜핑 롯데프리미엄아울렛 동부산점
기장군,부산광역시 기장군 기장읍 기장해안로 147,쿠론 롯데프리미엄아울렛 동부산점
기장군,부산광역시 기장군 장안읍 정관로 1133,쿠론 신세계사이먼프리미엄아울렛 부산점
기장군,부산광역시 기장군 기장읍 기장해안로 147,크록스 롯데프리미엄아울렛 동부산점
기장군,부산광역시 기장군 기장읍 기장해안로 147,클라터뮤젠 롯데프리미엄아울렛 동부산점
기장군,부산광역시 기장군 장안읍 정관로 1133,클럽모나코 신세계사이먼프리미엄아울렛 부산점
기장군,부산광역시 기장군 장안읍 정관로 1142,키위키즈랜드
기장군,부산광역시 기장군 장안읍 정관로 1133,타미힐피거 신세계사이먼프리미엄아울렛 부산점
기장군,부산광역시 기장군 기장읍 기장해안로 147,타이틀리스트  롯데프리미엄아울렛 동부산점
기장군,부산광역시 기장군 기장읍 기장해안로 147,타이틀리스트 스페셜스토어 롯데프리미엄아울렛 동부산점
기장군,부산광역시 기장군 장안읍 정관로 1133,타이틀리스트 신세계사이먼프리미엄아울렛 부산점
기장군,부산광역시 기장군 기장읍 기장해안로 147,타임 롯데프리미엄아울렛 동부산점
기장군,부산광역시 기장군 장안읍 정관로 1133,타임 신세계사이먼프리미엄아울렛 부산점
기장군,부산광역시 기장군 일광면 문오성길 31,탐복
기장군,부산광역시 기장군 장안읍 정관로 1133,탠디 신세계사이먼프리미엄아울렛 부산점
기장군,부산광역시 기장군 장안읍 정관로 1133,테팔 신세계사이먼프리미엄아울렛 부산점
기장군,부산광역시 기장군 기장읍 기장해안로 147,토박스 롯데프리미엄아울렛 동부산점
기장군,부산광역시 기장군 기장읍 기장해안로 147,토이저러스 롯데마트 동부산점
기장군,부산광역시 기장군 기장읍 기장해안로 147,투미 롯데프리미엄아울렛 동부산점
기장군,부산광역시 기장군 기장읍 기장해안로 147,트위 롯데프리미엄아울렛 동부산점
기장군,부산광역시 기장군 기장읍 기장해안로 601,파도횟집
기장군,부산광역시 기장군 기장읍 기장해안로 147,파리게이츠 롯데프리미엄아울렛 동부산점
기장군,부산광역시 기장군 기장읍 기장해안로 147,파비아나필리피 롯데프리미엄아울렛 동부산점
기장군,부산광역시 기장군 기장읍 기장해안로 147,파슨스 롯데프리미엄아울렛 동부산점
기장군,부산광역시 기장군 기장읍 기장해안로 147,파크랜드 롯데프리미엄아울렛 동부산점
기장군,부산광역시 기장군 기장읍 기장해안로 147,파타고니아 롯데프리미엄아울렛 동부산점
기장군,부산광역시 기장군 기장읍 석산1길 41,팜카페
기장군,부산광역시 기장군 기장읍 기장해안로 147,펜디 롯데프리미엄아울렛 동부산점
기장군,부산광역시 기장군 기장읍 기장해안로 147,펜디키즈 롯데프리미엄아울렛 동부산점
기장군,부산광역시 기장군 일광읍 문오성길 43,포에버얌 부산기장점
기장군,부산광역시 기장군 기장읍 동부산관광로 8,포트메리온 롯데몰 메종 동부산점
기장군,부산광역시 기장군 기장읍 기장해안로 147,폴로랄프로렌 롯데프리미엄아울렛 동부산점
기장군,부산광역시 기장군 기장읍 기장해안로 147,폴햄 롯데프리미엄아울렛 동부산점
기장군,부산광역시 기장군 기장읍 기장해안로 147,풋조이 롯데프리미엄아울렛 동부산점
기장군,부산광역시 기장군 기장읍 기장해안로 250,풍원장시골밥상집
기장군,부산광역시 기장군 기장읍 기장해안로 147,프리미엄아울렛약국 롯데프리미엄아울렛 동부산점
기장군,부산광역시 기장군 기장읍 기장해안로 147,피그먼트 롯데프리미엄아울렛 동부산점
기장군,부산광역시 기장군 기장해안로 864,피크스퀘어
기장군,부산광역시 기장군 장안읍 정관로 1133,핑골프 신세계사이먼프리미엄아울렛 부산점
기장군,부산광역시 기장군 기장읍 기장해안로 147,하고하우스 롯데프리미엄아울렛 동부산점
기장군,부산광역시 기장군 기장읍 내리길 146-5,하녹
기장군,부산광역시 기장군 정관읍 병산2로 54-23,하늘아래 첫 집
기장군,부산광역시 기장군 일광읍 일광로 792,하바나
기장군,부산광역시 기장군 일광면 학리 251-13,학리항(학리방파제)
기장군,부산광역시 기장군 기장읍 기장해안로 340,해광사
기장군,부산광역시 기장군 기장읍 연화1길 187,해녀조씨할매집
기장군,부산광역시 기장군 기장읍 연화1길 210,해녀천지할매집
기장군,부산광역시 기장군 기장읍 연화2길 30-1,해녀할매집
기장군,부산광역시 기장군 장안읍 고무로 207-4,해동성취사
기장군,부산광역시 기장군 기장읍 용궁길 86,해동용궁사
기장군,부산광역시 기장군 기장읍 기장해안로 603,해동횟집
기장군,부산광역시 기장군 기장읍 연화리,해물 포장마차촌
기장군,부산광역시 기장군 기장읍 공수2길 11,해변짚불곰장어
기장군,부산광역시 기장군 장안읍 해맞이로 270,해운대해물칼국수
기장군,부산광역시 기장군 장안읍 정관로 1133,해지스 신세계사이먼프리미엄아울렛 부산점
기장군,부산광역시 기장군 기장읍 연화1길 67,해풍가마솥
기장군,부산광역시 기장군 기장읍 대변로 105,향유정 속초이모네찜
기장군,부산광역시 기장군 일광읍 문오성길 22,헤이든
기장군,부산광역시 기장군 기장읍 기장해안로 147,헤지스 롯데프리미엄아울렛 동부산점
기장군,부산광역시 기장군 장안읍 정관로 1133,헨리코튼 신세계사이먼프리미엄아울렛 부산점
기장군,부산광역시 기장군 기장읍 기장해안로 147,헬렌카민스키 롯데프리미엄아울렛 동부산점
기장군,부산광역시 기장군 철마면 석길길 16-6,형제가든
기장군,부산광역시 기장군 정관읍 정관5로 50,홈플러스 부산정관점
기장군,부산광역시 기장군 철마면 웅천리 879-47,홍연폭포
기장군,부산광역시 기장군 일광로 328,황금새우기장본점
기장군,부산광역시 기장군 정관읍 병산1길 74-18,황토마루
기장군,부산광역시 기장군 기장읍 기장해안로 147,휠라 롯데프리미엄아울렛 동부산점
기장군,부산광역시 기장군 정관읍 정관중앙로 45,히어로테마파크 정관점
기장군,부산광역시 기장군 기장읍 동부산관광6로 59,2026 헬로메이커
기장군,부산광역시 기장군 기장읍 기장해안로 147,ABC마트 롯데프리미엄아울렛 동부산점
기장군,부산광역시 기장군 기장읍 기장해안로 147,AK골프 롯데프리미엄아울렛 동부산점
기장군,부산광역시 기장군 기장읍 기장해안로 147,ANDZ 롯데프리미엄아울렛 동부산점
기장군,부산광역시 기장군 기장읍 기장해안로 147,APC 롯데프리미엄아울렛 동부산점
기장군,부산광역시 기장군 기장읍 기장해안로 147,BCBG올앤썬드리 롯데프리미엄아울렛 동부산점
기장군,부산광역시 기장군 기장읍 기장해안로 147,CC콜렉트 롯데프리미엄아울렛 동부산점
기장군,부산광역시 기장군 장안읍 정관로 1133,CK진 신세계사이먼프리미엄아울렛 부산점
기장군,부산광역시 기장군 기장읍 기장해안로 147,CP컴퍼니 롯데프리미엄아울렛 동부산점
기장군,부산광역시 기장군 기장읍 기장해안로 147,DKNY 롯데프리미엄아울렛 동부산점
기장군,부산광역시 기장군 장안읍 정관로 1133,DKNY 신세계사이먼프리미엄아울렛 부산점
기장군,부산광역시 기장군 기장읍 기장해안로 147,GUESS 롯데프리미엄아울렛 동부산점
기장군,부산광역시 기장군 장안읍 정관로 1133,JAJU 신세계사이먼프리미엄아울렛 부산점
기장군,부산광역시 기장군 기장읍 기장해안로 147,JJ지고트 롯데프리미엄아울렛 동부산점
기장군,부산광역시 기장군 기장읍 기장해안로 147,K2 롯데프리미엄아울렛 동부산점
기장군,부산광역시 기장군 장안읍 정관로 1133,K2 신세계사이먼프리미엄아울렛 부산점
기장군,부산광역시 기장군 기장읍 기장해안로 147,LAP 롯데프리미엄아울렛 동부산점
기장군,부산광역시 기장군 기장읍 기장해안로 147,LEE 롯데프리미엄아울렛 동부산점
기장군,부산광역시 기장군 장안읍 정관로 1133,MLB 신세계사이먼프리미엄아울렛 부산점
기장군,부산광역시 기장군 기장읍 기장해안로 147,MLB팩토리 롯데프리미엄아울렛 동부산점
기장군,부산광역시 기장군 기장읍 기장해안로 147,NBA 롯데프리미엄아울렛 동부산점
기장군,부산광역시 기장군 장안읍 정관로 1133,PHYPS 신세계사이먼프리미엄아울렛 부산점
기장군,부산광역시 기장군 장안읍 정관로 1133,PXG 신세계사이먼프리미엄아울렛 부산점
기장군,부산광역시 기장군 기장읍 기장해안로 147,RN 롯데프리미엄아울렛 동부산점
기장군,부산광역시 기장군 기장읍 기장해안로 147,RZ지오지아 롯데프리미엄아울렛 동부산점 .