철도운영기관명,선명,역명,지번주소,도로명주소,Latitude,Longitude
부산교통공사,1호선,괴정,부산광역시 사하구 괴정동 934-3,부산광역시 사하구 낙동대로 지하 221(괴정동),35.1060675,128.9984825
부산교통공사,1호선,교대,부산광역시 연제구 거제동 72-25,부산광역시 연제구 중앙대로 지하 1217,35.1880941,129.0784077
부산교통공사,1호선,구서,부산광역시 금정구 구서동 475,부산광역시 금정구 금정로 233번길 46(구서동),35.2450846,129.090869
부산교통공사,1호선,남산(부산외국대학교),부산광역시 금정구 남산동 136-1,부산광역시 금정구 중앙대로 2019-1,35.2656436,129.0908813
부산교통공사,1호선,남포,부산광역시 중구 남포동1가 11,부산광역시 중구 구덕로 지하 12,35.0976871,129.0306759
부산교통공사,1호선,낫개,부산시 사하구 다대동 63-13,부산시 사하구 다대로 지하 422 낫개역,35.064394,128.979675
부산교통공사,1호선,노포(종합버스터미널),부산광역시 금정구 노포동 133,부산광역시 금정구 중앙대로 2238(노포동),35.2839144,129.0964874
부산교통공사,1호선,다대포항,부산시 사하구 다대동 909,부산시 사하구 다대로 지하 548 다대포항역,35.0703858,128.9694714
부산교통공사,1호선,다대포해수욕장,부산시 사하구 다대동 1552-16,부산시 사하구 다대로 지하 692 다대포해수욕장역,35.048635,128.964119
부산교통공사,1호선,당리(사하구청),부산광역시 사하구 당리동 323,부산광역시 사하구 낙동대로 지하 405(당리동),35.1123698,128.9831517
부산교통공사,1호선,대티(동주대학),부산광역시 사하구 괴정동 317-1,부산광역시 사하구 낙동대로 지하 141(괴정동),35.1064506,129.006975
부산교통공사,1호선,동대신,부산광역시 서구 동대신동2가 428-9,부산광역시 서구 구덕로 지하 290,35.1041575,129.020127
부산교통공사,1호선,동래,부산광역시 동래구 온천동 527,부산광역시 동래구 중앙대로 1324,35.2039278,129.0783637
부산교통공사,1호선,동매,부산시 사하구 신평동 544-2,부산시 사하구 신산로 지하 168 동매역,35.08986,128.974163
부산교통공사,1호선,두실,부산광역시 금정구 구서동 262,부산광역시 금정구 중앙대로 1927(구서동),35.2564197,129.0910848
부산교통공사,1호선,명륜,부산광역시 동래구 온천동 489-4,부산광역시 동래구 중앙대로 1414,35.2120408,129.0796654
부산교통공사,1호선,범내골,부산광역시 부산진구 범천동 948-4,부산광역시 부산진구 중앙대로 지하 612,35.1605219,129.064458
부산교통공사,1호선,범어사,부산광역시 금정구 청룡동 47,부산광역시 금정구 중앙대로 2107(청룡동),35.282125,129.069762
부산교통공사,1호선,범일,부산광역시 동구 범일동 949,부산광역시 동구 범일로 지하 108,35.1357986,129.0596063
부산교통공사,1호선,부산,부산광역시 동구 초량동 1206-1,부산광역시 동구 중앙대로 지하 200,35.1269695,129.0483013
부산교통공사,1호선,부산대,부산광역시 금정구 장전동 427,부산광역시 금정구 장전온천천로 48(장전동),35.2326852,129.0892105
부산교통공사,1호선,부산진,부산광역시 동구 초량동 1170,부산광역시 동구 중앙대로 지하 350,35.1269695,129.0483013
부산교통공사,1호선,부전(부산시민공원·송상현광장),부산광역시 부산진구 부전동 573-1,부산광역시 부산진구 중앙대로 지하 786,35.1605219,129.064458
부산교통공사,1호선,사하,부산광역시 사하구 괴정동 661,부산광역시 사하구 낙동대로 지하 309(괴정동),35.1030455,128.9992512
부산교통공사,1호선,서대신,부산광역시 서구 서대신동2가 338,부산광역시 서구 대영로 지하 1,35.1106811,129.017297
부산교통공사,1호선,서면,부산광역시 부산진구 부전동 573-1,부산광역시 부산진구 중앙대로 지하 730,35.1605219,129.064458
부산교통공사,1호선,시청(연제),부산광역시 연제구 연산동 1328-9,부산광역시 연제구 중앙대로 지하 1017,35.1880941,129.0784077
부산교통공사,1호선,신장림,부산시 사하구 장림동 380,부산시 사하구 다대로 지하 310 신장림역,35.075316,128.976918
부산교통공사,1호선,신평,부산광역시 사하구 신평동 646,부산광역시 사하구 하신번영로 140(신평동),35.0936576,128.9611269
부산교통공사,1호선,양정,부산광역시 부산진구 양정동 408,부산광역시 부산진구 중앙대로 지하 930,35.1605219,129.064458
부산교통공사,1호선,연산,부산광역시 연제구 연산동 1515-1,부산광역시 연제구 중앙대로 지하 1101,35.1880941,129.0784077
부산교통공사,1호선,온천장,부산광역시 동래구 온천동 1750-1,부산광역시 동래구 중앙대로 1520,35.2138753,129.0813222
부산교통공사,1호선,자갈치,부산광역시 중구 남포동6가 117-1,부산광역시 중구 구덕로 지하 80,35.0976871,129.0306759
부산교통공사,1호선,장림,부산시 사하구 장림동 185-9,부산시 사하구 다대로 지하 230 장림역,35.0784937,128.9776998
부산교통공사,1호선,장전(부산가톨릭대학교),부산광역시 금정구 장전동 242,부산광역시 금정구 장전온천천로 144(장전동),35.2408936,129.0884078
부산교통공사,1호선,좌천,부산광역시 동구 좌천동 236,부산광역시 동구 중앙대로 지하 446,35.1269695,129.0483013
부산교통공사,1호선,중앙,부산광역시 중구 중앙동4가 26-3,부산광역시 중구 중앙대로 지하 83,35.105402,129.0368913
부산교통공사,1호선,초량,부산광역시 동구 초량동 1170,부산광역시 동구 중앙대로 지하 264,35.1269695,129.0483013
부산교통공사,1호선,토성,부산광역시 서구 토성동3가 11-3,부산광역시 서구 구덕로 지하 170,35.1041575,129.020127
부산교통공사,1호선,하단(부산본병원),부산광역시 사하구 하단동 491,부산광역시 사하구 낙동남로 지하 1415(하단동),35.106232,128.966749
부산교통공사,2호선,가야,부산광역시 부산진구 가야동 15-13,부산광역시 부산진구 가야대로 지하 650,35.1550054,129.037536
부산교통공사,2호선,감전(사상구청),부산광역시 사상구 감전동 174,부산광역시 사상구 사상로 지하 93-1,35.1684987,128.9890649
부산교통공사,2호선,개금,부산광역시 부산진구 개금동 487-2,부산광역시 부산진구 가야대로 지하 442,35.1550054,129.037536
부산교통공사,2호선,경성대·부경대(동명대학교),부산광역시 남구 대연동 77,부산광역시 남구 수영로 지하 324,35.1373574,129.0880956
부산교통공사,2호선,광안,부산광역시 수영구 광안동 205,부산광역시 수영구 수영로 지하 576(광안동),35.149633,129.111073
부산교통공사,2호선,구남,부산광역시 북구 구포동 897-21,부산광역시 북구 백양대로 지하1026,35.2020364,128.9996992
부산교통공사,2호선,구명,부산광역시 북구 구포동 969-1,부산광역시 북구 백양대로 지하1094,35.2020364,128.9996992
부산교통공사,2호선,국제금융센터·부산은행,부산광역시 남구 문현동 728-3,부산광역시 남구 전포대로 지하 97,35.1429158,129.0670119
부산교통공사,2호선,금곡,부산광역시 북구 금곡동 581-1,부산광역시 북구 금곡대로 685,35.2675783,129.0169958
부산교통공사,2호선,금련산,부산광역시 수영구 남천동 78,부산광역시 수영구 수영로 지하 482(남천동),35.1441426,129.1096811
부산교통공사,2호선,남양산(범어),경상남도 양산시 동면 석산리 1265-1,경남 양산시 동면 메기로 380번,35.3249066,129.0192821
부산교통공사,2호선,남천(KBS·수영구청),부산광역시 수영구 남천동 78,부산광역시 수영구 수영로 지하 410(남천동),35.1441426,129.1096811
부산교통공사,2호선,냉정,부산광역시 사상구 주례동 62-2,부산광역시 사상구 가야대로 지하 362-1,35.1508539,128.9946548
부산교통공사,2호선,대연(고려병원),부산광역시 남구 대연동 1756-27,부산광역시 남구 수영로 지하 242,35.1373574,129.0880956
부산교통공사,2호선,덕천(부산과기대),부산광역시 북구 덕천동 327,부산광역시 북구 금곡대로 지하14,35.2406378,129.0122022
부산교통공사,2호선,덕포,부산광역시 사상구 덕포동 430,부산광역시 사상구 사상로 지하 320-1,35.1684987,128.9890649
부산교통공사,2호선,동백,부산광역시 해운대구 우동 991-3,부산광역시 해운대구 해운대로 지하 522,35.1822879,129.1610253
부산교통공사,2호선,동원,부산광역시 북구 금곡동 846-1,부산광역시 북구 금곡대로 575,35.2586285,129.0125393
부산교통공사,2호선,동의대,부산광역시 부산진구 가야동 236-4,부산광역시 부산진구 가야대로 지하 554,35.1550054,129.037536
부산교통공사,2호선,모덕,부산광역시 사상구 덕포동 247-7,부산광역시 사상구 사상로 지하 409,35.1684987,128.9890649
부산교통공사,2호선,모라,부산광역시 사상구 모라동 987-8,부산광역시 사상구 사상로 지하 498,35.1684987,128.9890649
부산교통공사,2호선,못골(남구청),부산광역시 남구 대연동 1756-27,부산광역시 남구 수영로 지하 170,35.1373574,129.0880956
부산교통공사,2호선,문현,부산광역시 남구 문현동 651-1,부산광역시 남구 전포대로 지하 17,35.1429158,129.0670119
부산교통공사,2호선,민락,부산광역시 수영구 민락동 345-1,부산광역시 수영구 수영로 지하 769(수영동),35.1703559,129.1168872
부산교통공사,2호선,벡스코(시립미술관),부산광역시 해운대구 우동 1086-3,부산광역시 해운대구 해운대로 지하 396,35.1822879,129.1610253
부산교통공사,2호선,부산대양산캠퍼스,경상남도 양산시 물금읍 범어리 2635,경남 양산시 물금읍 메기로 270번,35.3174877,129.0145555
부산교통공사,2호선,부암(온종합병원),부산광역시 부산진구 부전동 368-12,부산광역시 부산진구 가야대로 지하 719,35.1550054,129.037536
부산교통공사,2호선,사상(서부터미널),부산광역시 사상구 괘법동 572-1,부산광역시 사상구 사상로 지하 203,35.1684987,128.9890649
부산교통공사,2호선,서면,부산광역시 부산진구 부전동 573-1,부산광역시 부산진구 중앙대로 지하 730,35.1605219,129.064458
부산교통공사,2호선,센텀시티(BEXCO·신세계),부산광역시 해운대구 우동 1524,부산광역시 센텀남대로 지하 76,35.1682991,129.1302235
부산교통공사,2호선,수영,부산광역시 수영구 광안동 1091-1,부산광역시 수영구 수영로 지하 677(광안동),35.149633,129.111073
부산교통공사,2호선,수정(방송통신대),부산광역시 북구 화명동 941-1,부산광역시 북구 금곡대로 지하160,35.2406378,129.0122022
부산교통공사,2호선,양산(시청·동원과학기술대학교),경상남도 양산시 중부동 475-1,경남 양산시 강변로 441번,35.33425,129.0257869
부산교통공사,2호선,율리,부산광역시 북구 금곡동 1241,부산광역시 북구 금곡대로 지하440,35.2406378,129.0122022
부산교통공사,2호선,장산(해운대백병원),부산광역시 해운대구 좌동 1491,부산광역시 해운대구 해운대로 지하 820,35.1822879,129.1610253
부산교통공사,2호선,전포,부산광역시 부산진구 전포동 870-1,부산광역시 부산진구 전포대로 지하 181,35.1550032,129.0657183
부산교통공사,2호선,주례,부산광역시 사상구 주례동 1162-16,부산광역시 사상구 가야대로 지하 292,35.1508539,128.9946548
부산교통공사,2호선,중동,부산광역시 해운대구 중동 1783-1,부산광역시 해운대구 해운대로 지하 730,35.1822879,129.1610253
부산교통공사,2호선,증산,경상남도 양산시 물금읍 증산리 35-6,경남 양산시 물금읍 메기로 168번,35.3092224,129.0107754
부산교통공사,2호선,지게골,부산광역시 남구 문현동 254-2,부산광역시 남구 수영로 지하 70,35.1373574,129.0880956
부산교통공사,2호선,해운대,부산광역시 해운대구 우동 656,부산광역시 해운대구 해운대로 지하 626,35.1822879,129.1610253
부산교통공사,2호선,호포,경상남도 양산시 동면 가산리 산 91-5,경남 양산시 동면 양산대로 62번,35.2798961,129.0181251
부산교통공사,2호선,화명,부산광역시 북구 화명동 1458-9,부산광역시 북구 금곡대로 지하311,35.2406378,129.0122022
부산교통공사,3호선,강서구청,부산광역시 강서구 대저1동 2300-3,부산광역시 강서구 낙동북로 485,35.2113221,128.9809638
부산교통공사,3호선,거제(법원·검찰청),부산광역시 연제구 거제동 1190-1,부산광역시 연제구 월드컵대로 지하 209,35.184388,129.0713427
부산교통공사,3호선,구포,부산광역시 북구 구포동 1060-470,부산광역시 북구 낙동대로 1697,35.207777,128.9986911
부산교통공사,3호선,남산정(부산폴리텍대학),부산광역시 북구 만덕동 706-6,부산광역시 북구 만덕대로 지하179,35.2123675,129.0228269
부산교통공사,3호선,대저,부산광역시 강서구 대저1동 1500-2,부산광역시 강서구 낙동북로 295,35.2131814,128.9626963
부산교통공사,3호선,덕천(부산과기대),부산광역시 북구 덕천동 327,부산광역시 북구 금곡대로 지하14,35.2406378,129.0122022
부산교통공사,3호선,만덕,부산광역시 북구 만덕동 607-1,부산광역시 북구 만덕대로 지하291,35.2123675,129.0228269
부산교통공사,3호선,망미(병무청),부산광역시 수영구 망미동 603-2,부산광역시 수영구 연수로 지하 337(망미동),35.1712993,129.1063192
부산교통공사,3호선,물만골,부산광역시 연제구 연산동 1515-11,부산광역시 연제구 월드컵대로 지하 23,35.184388,129.0713427
부산교통공사,3호선,미남,부산광역시 동래구 온천동 1470,부산광역시 동래구 아시아드대로 지하 232,35.2014163,129.0677828
부산교통공사,3호선,배산,부산광역시 연제구 연산동 1805-3,부산광역시 연제구 연수로 지하 229,35.1745028,129.0867036
부산교통공사,3호선,사직,부산광역시 동래구 사직동 161-1,부산광역시 동래구 아시아드대로 지하 153,35.2014163,129.0677828
부산교통공사,3호선,수영,부산광역시 수영구 광안동 1091-1,부산광역시 수영구 수영로 지하 677(광안동),35.149633,129.111073
부산교통공사,3호선,숙등(부민병원),부산광역시 북구 덕천동 462,부산광역시 북구 만덕대로 지하79,35.2123675,129.0228269
부산교통공사,3호선,연산,부산광역시 연제구 연산동 1515-1,부산광역시 연제구 중앙대로 지하 1101,35.1880941,129.0784077
부산교통공사,3호선,종합운동장,부산광역시 연제구 거제동 1191-2,부산광역시 연제구 아시아드대로 지하 73,35.1898522,129.0682744
부산교통공사,3호선,체육공원,부산광역시 강서구 대저1동 2327-35,부산광역시 강서구 낙동북로 371,35.2088938,128.978389
부산교통공사,4호선,고촌,부산광역시 기장군 철마면 고촌리 518-2,부산광역시 기장군 철마면 반송로 991,35.2360263,129.1605183
부산교통공사,4호선,금사,부산광역시 금정구 금사동 154-1,부산광역시 금정구 반송로 465(금사동),35.2152226,129.1130694
부산교통공사,4호선,낙민,부산광역시 동래구 낙민동 205-4,부산광역시 동래구 충렬대로 지하 285,35.2009396,129.0903435
부산교통공사,4호선,동래,부산광역시 동래구 온천동 1486,부산광역시 동래구 충렬대로 지하 147,35.2009396,129.0903435
부산교통공사,4호선,명장,부산광역시 동래구 명장동 184,부산광역시 동래구 반송로 지하 281,35.2026267,129.0993545
부산교통공사,4호선,미남,부산광역시 동래구 온천동 1470,부산광역시 동래구 아시아드대로 지하 232,35.2014163,129.0677828
부산교통공사,4호선,반여농산물시장,부산광역시 해운대구 석대동 507-1,부산광역시 해운대구 반송로 550,35.2234855,129.1385592
부산교통공사,4호선,서동,부산광역시 금정구 서동 241,부산광역시 금정구 반송로 387(서동),35.215436,129.1052653
부산교통공사,4호선,석대,부산광역시 해운대구 석대동 574-14,부산광역시 해운대구 석대천로 121,35.2180971,129.1370944
부산교통공사,4호선,수안,부산광역시 동래구 수안동 204-2,부산광역시 동래구 충렬대로 지하 223,35.2009396,129.0903435
부산교통공사,4호선,안평(고촌주택단지),부산광역시 기장군 철마면 안평리 543-23,부산광역시 기장군 철마면 반송로 1001,35.2414468,129.1712214
부산교통공사,4호선,영산대(아랫반송),부산광역시 해운대구 반송동 698-12,부산광역시 해운대구 반송로 803,35.2259666,129.1462566
부산교통공사,4호선,윗반송,부산광역시 해운대구 반송동 385-56,부산광역시 해운대구 반송로 917,35.2234855,129.1385592
부산교통공사,4호선,충렬사(안락),부산광역시 동래구 안락동 473,부산광역시 동래구 반송로 지하 205,35.2026267,129.0993545