노선번호,노선ID,버스종류,기점,종점,첫차,막차,기본배차,평일배차,출퇴근배차,휴일배차
10,5200010000,일반버스,연제공용차고지,감만현대아파트사거리,04:30,22:15,7,12,12,16
100,5200100000,일반버스,청강리공영차고지,장전역,04:50,21:50,8,16,15,19
100-1,5200100100,일반버스,송정,장전역,05:00,22:10,8,19,17,21
1001,5201001000,급행버스,청강리공영차고지,하단,04:30,22:00,9-10,12,11,12
1002,5201002000,급행버스,용당공영차고지,해운대구문화복합센터,04:50,22:00,20,17,17,19
1002(심야),5201002F00,심야버스(급행),용당공영차고지,서면,22:30,23:00,18,15,15,15
1003,5201003000,급행버스,기장교리,부산대학병원,04:20,22:20,10-11,11,8,13
1003(심야),5201003F00,심야버스(급행),기장교리,부산대학병원,22:40,23:45,10,20,20,20
1004,5201004000,급행버스,김해,부산항국제여객터미널,04:50,21:40,7,33,31,37
1004(심야),5201004F00,심야버스(급행),김해,충무동,23:20,23:20,20,-,-,-
101,5200101000,일반버스,태종대,감만현대아파트,04:45,22:15,10-11,13,8,17
103,5200103000,일반버스,연제공용차고지,장림,05:00,22:00,8,12,8,14
105,5200105000,일반버스,사직동,정관,05:00,21:50,,17,11,20
106,5200106000,일반버스,정관,서면,04:50,21:40,,15,10,17
107,5200107000,일반버스,정관,센텀시티역,05:00,22:25,,15,15,18
108,5200108000,일반버스,민락동,엄궁아파트단지,05:00,22:20,7-8,12,8,15
109,5200109000,일반버스,강서공영차고지,구포역,05:00,20:45,,40,36,40
11,5200011000,일반버스,다대포,영선동,05:00,22:00,5-6,12,8,15
110,5200110000,일반버스,학장동,장전역,04:55,22:50,0,13,9,18
110-1,5200110100,일반버스,가야벽산APT,부산대,05:00,23:00,4-5,8,5,9
111,5200111000,일반버스,금곡동,부산진시장,05:00,22:10,5,14,10,17
111-1,5200111100,일반버스,연제공용차고지,금곡동,05:00,22:00,,12,12,15
113,5200113000,일반버스,영도중리,신평공단,04:45,22:19,7-8,8,6,11
115,5200115000,일반버스,연산9동,왕자아파트,05:20,22:40,45,24,22,40
115-1,5200115100,일반버스,반송,해운대구청,04:40,22:10,7,8,5,9
121,5200121000,일반버스,금곡동,장전역,05:00,22:15,18,28,28,28
122,5200122000,일반버스,김해삼계동,하단역,05:00,21:30,,23,19,33
123,5200123000,일반버스,김해구산동,엄궁농산물시장,04:30,21:20,8,14,13,16
124,5200124000,일반버스,강서공영차고지,장림동원로얄듀크,05:00,21:30,,17,15,20
126,5200126000,일반버스,금곡동,충무동,04:30,22:25,5,10,9,12
127,5200127000,일반버스,김해구산동,동래역,04:40,21:25,12-15,17,15,18
128-1,5200128100,일반버스,강서공영차고지,신라대,05:00,21:20,8-9,10,9,12
129-1,5200129100,일반버스,반송,신라대,05:00,22:00,6-7,10,6,11
131,5200131000,일반버스,금정공영차고지,용호동(오륙도스카이워크),04:20,21:00,10,17,15,21
133,5200133000,일반버스,연제공용차고지,연제공용차고지,04:45,22:30,6-7,12,12,13
133-1,5200133100,일반버스,연제공용차고지,연제공용차고지,04:40,22:30,,11,10,12
134,5200134000,일반버스,용당동,남부민동,04:50,22:30,7-8,10,10,13
138,5200138000,일반버스,장림,용당동,04:30,22:15,8,12,8,15
138-1,5200138100,일반버스,장림,용당동,04:30,22:15,10,16,13,19
139,5200139000,일반버스,기장교리,신해운대역,05:00,21:30,11-12,22,19,22
141,5200141000,일반버스,송정,당감동,05:00,22:00,10,11,8,13
141(심야),5200141F00,심야버스(일반),송정,당감동,23:00,23:40,20,20,20,20
144,5200144000,일반버스,반여3동,장전역,05:30,22:40,20,13,11,15
148,5200148000,일반버스,금정공영차고지,모라주공,04:55,21:40,6-7,10,9,11
15,5200015000,일반버스,금곡동,충무동,05:00,22:05,4,7,7,9
155,5200155000,일반버스,서동,용당동,04:50,22:10,7-8,8,4,10
16,5200016000,일반버스,엄궁,구덕운동장,04:45,22:30,4-5,7,4,9
160,5200160000,일반버스,구포3동,전포동,04:50,22:20,10,11,11,15
161,5200161000,일반버스,강서공영차고지,코레일사상역,05:00,21:20,5-7,10,9,13
167,5200167000,일반버스,개금아파트,동아대병원,05:00,22:30,6-7,12,12,15
168,5200168000,일반버스,용당동,부산시민공원,04:45,21:30,,16,14,21
169,5200169000,일반버스,당감주공,신만덕,04:45,22:30,5,7,4,8
169-1,5200169100,일반버스,구포3동,서면,04:55,22:55,5,7,5,9
17,5200017000,일반버스,태종대,국제백양아파트,04:56,21:40,10,16,14,20
171,5200171000,일반버스,강서공영차고지,부산역,05:00,20:40,,11,10,15
172,5200172000,일반버스,강서공영차고지,부산항국제여객터미널,05:00,20:50,,12,11,15
179,5200179000,일반버스,회동동,국제백양아파트,04:55,23:05,5-6,7,5,8
180,5200180000,일반버스,청강리공영차고지,고원3차아파트,05:00,22:15,60,50,45,50
181,5200181000,일반버스,청강리공영차고지,센텀파크,05:00,21:50,22,18,13,19
182,5200182000,일반버스,청강리공영차고지,정관(모전초등학교),05:00,21:20,,28,28,28
183,5200183000,일반버스,청강리공영차고지,부산대,05:00,22:20,14,16,11,19
183(심야),5200183F00,심야버스(일반),청강리공영차고지,부산대,22:55,23:35,25,40,40,40
184,5200184000,일반버스,정관,반여농산물시장,05:00,22:25,,46,42,46
185,5200185000,일반버스,청강리공영차고지,올림픽교차로환승센터,05:00,21:50,,30,28,30
186,5200186000,일반버스,태종대,서부터미널,04:55,21:40,13,25,22,28
187,5200187000,일반버스,반송,대룡마을,05:00,22:00,,43,40,43
188,5200188000,일반버스,정관,안평역,04:30,22:00,20,35,35,41
189,5200189000,일반버스,반송,연산초등학교,05:10,22:20,11,10,6,12
189-1,5200189100,일반버스,반송,연산교차로,05:00,22:40,8-9,11,9,13
190,5200190000,일반버스,한국해양대,남부민동,04:55,21:50,10,18,13,20
2,5200002000,일반버스,다대포,부산역,05:00,22:05,5,11,7,11
2(심야),5200002F00,심야버스(일반),다대포,부산역,22:50,24:10,,30,30,30
20,5200020000,일반버스,용호동,서면,05:00,22:25,5,8,5,9
200,5200200000,일반버스,청강리공영차고지,구포시장,04:40,21:50,8-9,13,9,15
2000,5202000000,급행버스,하단역,고현(거제),06:00,22:30,,25,25,25
203,5200203000,좌석버스(산성),산성,온천장역,06:00,22:00,20,15,15,10
210,5200210000,일반버스,연제공용차고지,민락수변공원,04:45,22:15,8,13,11,15
22,5200022000,일반버스,용호동,성북고개,05:00,22:35,10,13,12,16
23,5200023000,일반버스,감만동,부산진우체국(가야1치안센터),04:30,22:45,4,6,4,8
24,5200024000,일반버스,용호동,서면,05:00,23:00,4-5,6,3,6
26,5200026000,일반버스,감만동,송도혜성아파트,04:40,22:40,7,8,7,10
27,5200027000,일반버스,용호동,충무동,04:40,22:35,5-6,7,7,9
29,5200029000,일반버스,금정공영차고지,안창마을,04:50,21:20,9,9,9,12
3,5200003000,일반버스,다대포,신호주거단지,05:00,21:50,,14,13,18
30,5200030000,일반버스,태종대,수산가공선진화단지,04:35,23:10,5,10,6,14
300,5200300000,일반버스,금정공영차고지,구포시장,05:00,22:50,30,24,22,24
3001,5203001000,급행버스,다대포,올림픽교차로환승센터,05:00,20:50,,20,18,22
3002,5203002000,급행버스,강서차고지,서면,05:00,21:30,,21,18,24
3003,5203003000,급행버스,태종대,김해공항,05:00,21:30,,37,35,45
3005,5203005000,급행버스,강서공영차고지,코레일사상역,05:00,20:10,,44,39,51
3006,5203006000,급행버스,청강리공영차고지,경제자유구역청,05:00,21:00,,24,24,24
3007,5203007000,급행버스,강서공영차고지,지사과학단지,05:00,20:30,,34,29,39
3008,5203008000,급행버스,기장국민체육센터,동래역,05:20,22:00,,14,12,16
3008(심야),5203008F00,급행버스,좌천원자력의학원,동래역,,,,,,
301,5200301000,일반버스,금정공영차고지,브니엘고등학교,05:00,22:30,20,40,35,43
302,5200302000,일반버스,용당공영차고지,좌천원자력의학원,05:00,22:30,,45,40,47
307,5200307000,일반버스,송정,김해공항,05:00,21:35,15,23,15,25
31,5200031000,일반버스,송정,모라주공,04:40,21:35,8-9,9,9,12
33,5200033000,일반버스,연제공용차고지,만덕,04:25,22:05,4-5,9,9,10
33-1,5200033100,일반버스,연제공용차고지,신라대학교,05:00,22:05,,12,11,16
338,5200338000,일반버스,다대포,모라주공,05:00,21:45,40,11,8,14
36,5200036000,일반버스,청강리공영차고지,거제역,05:00,21:40,9-10,21,20,23
37,5200037000,일반버스,금정공영차고지,고원3차아파트,05:00,22:20,15,22,17,22
38,5200038000,일반버스,청강리공영차고지,중앙공원.민주공원,04:40,21:50,15,28,22,35
38-1,5200038100,일반버스,조선통신사역사관,부산역,06:30,09:25,,60,60,60
39,5200039000,일반버스,기장교리,남구국민체육센터,05:00,22:05,10,13,12,16
40,5200040000,일반버스,청강리공영차고지,구덕운동장,04:40,21:50,9-10,13,8,14
41,5200041000,일반버스,민락동,충무동,05:00,22:45,4-5,8,5,11
42,5200042000,일반버스,회동동,부산항국제여객터미널 ,05:10,22:30,20,13,12,16
43,5200043000,일반버스,회동동,중앙공원.민주공원,04:50,22:20,9,13,8,15
44,5200044000,일반버스,반여3동,당감4동,04:50,22:28,6-7,9,5,9
46,5200046000,일반버스,구포3동,동래중학교,04:55,22:50,10,14,14,20
49,5200049000,일반버스,금정공영차고지,광안리해수욕장,05:00,22:15,6-7,11,8,13
5-1,5200005100,일반버스,회동동,충무동,04:50,22:20,10-11,16,16,20
50,5200050000,일반버스,덕계,법원검찰청,04:50,22:00,10,17,13,18
506,5200506000,일반버스,반여4동,부산시민공원,05:20,22:40,15,14,10,16
508,5200508000,일반버스,고신대영도캠퍼스,중앙공원.민주공원,05:00,23:16,10,10,7,13
51,5200051000,일반버스,금정공영차고지,감만2동,04:50,21:20,7-8,8,6,9
52,5200052000,일반버스,반여3동,수정4동,05:00,22:20,9,9,5,10
520,5200520000,일반버스,강서공영차고지,서부지원.서부지청,05:00,20:50,24,64,60,64
54,5200054000,일반버스,연산9동,전포동,04:50,22:30,10,9,5,9
55,5200055000,일반버스,강서공영차고지,하단,05:00,21:00,,37,37,46
57,5200057000,일반버스,사직동,진시장,04:25,22:30,4-7,12,8,12
58,5200058000,일반버스,강서공영차고지,장림동원로얄듀크,05:00,21:30,26,50,50,50
58-1,5200058100,일반버스,강서공영차고지,하단역,04:30,21:40,10,33,27,37
58-2,5200058200,일반버스,강서공영차고지,사하구청.당리역,04:50,22:20,15,15,14,17
583,5200583000,일반버스,용당동,범일동,05:15,22:35,17-18,27,21,33
59,5200059000,일반버스,금곡동,충무동,04:40,22:00,14,13,13,17
6,5200006000,일반버스,고신대영도캠퍼스,괴정시장,04:50,22:45,5,10,9,14
61,5200061000,일반버스,학장동,까치고개,05:00,20:50,5-7,20,16,23
62,5200062000,일반버스,민락동,신라대,05:00,22:24,6-7,8,8,10
63,5200063000,일반버스,청강리공영차고지,부산진구청,04:30,22:10,7-8,10,8,12
67,5200067000,일반버스,개금아파트,엄궁아파트단지,05:00,22:25,5,6,6,8
68,5200068000,일반버스,용당동,하단역,04:45,22:30,6,6,5,8
7,5200007000,일반버스,고신대영도캠퍼스,수산가공선진화단지,05:00,22:37,12,17,16,23
70,5200070000,일반버스,고신대영도캠퍼스,중앙공원.민주공원,05:00,22:20,13,22,19,22
71,5200071000,일반버스,고신대영도캠퍼스,수산가공선진화단지,04:55,22:43,11,17,17,18
73,5200073000,일반버스,정관,반송,05:00,22:00,30,65,65,65
77,5200077000,일반버스,학장동,장전역,04:55,22:40,7-8,11,8,14
8,5200008000,일반버스,태종대,서부터미널,04:48,22:13,6-7,9,6,12
80,5200080000,일반버스,금정공영차고지,부산진시장,04:50,22:00,9-10,8,6,10
81,5200081000,일반버스,연제공용차고지,서대신금호아파트,04:40,22:40,4-5,6,3,6
82,5200082000,일반버스,청학동,전포화신아파트 ,04:55,22:40,4-7,9,5,10
83,5200083000,일반버스,민락동,부전시장,05:00,22:50,5-6,8,5,11
83-1,5200083100,일반버스,민락동,사직동,05:00,23:00,16,26,24,26
85,5200085000,일반버스,청학고개,전포역,04:50,22:50,7,15,10,19
86,5200086000,일반버스,연산9동,충무동,04:50,22:20,10,12,7,14
87,5200087000,일반버스,연산9동,까치고개,04:50,22:20,8,8,5,10
88(A),5200088000,일반버스,태종대,당감주공,04:46,21:50,7-8,25,21,34
88-1A,5200088100,일반버스,동삼그린힐,부산역,05:00,23:10,18,9,6,11
9,5200009000,일반버스,청학동,수산가공선진화단지,04:50,23:35,25,20,16,23
90,5200090000,일반버스,부산종합터미널,범어사,07:50,20:00,15,17,15,11
96,5200096000,일반버스,다대포,송도,05:00,22:30,4,7,6,9
96-1,5200096100,일반버스,다대포,서구청,05:00,22:00,,41,40,41
99,5200099000,일반버스,회동동,부산진시장,05:00,22:40,4-5,7,4,9
강서구1,5291401000,마을버스,외양포,용원,05:10,18:00,,40~50,40~50,40~50
강서구1-1,5291401100,마을버스,선창,"생교, 눌차, 정거, 용원",05:30,19:40,,80,80,80
강서구11,5291411000,마을버스,득천사거리,구포시장,05:30,20:30,30 ,45~55,45~55,70
강서구12,5291412000,마을버스,지사산단,하단역,06:00,21:00,33,25~30,25~30,30~40
강서구12-1,5291412100,마을버스,지사문화회관,하단역,05:45,22:06,,37,37,55
강서구13,5291413000,마을버스,덕천교차로,하단역,05:40,21:55,20 ,20~25,20~25,30
강서구15,5291415000,마을버스,강서구청역,하단역,06:15,21:30,22,45,45,45
강서구15-1,5291415100,마을버스,디에트르더퍼스트,하단역,06:20,22:15,,40,40,40
강서구16,5291416000,마을버스,주포마을,성산1구,06:20,20:35,120,60,60,60
강서구19,5291419000,마을버스,강서구청역,모라주공3.4단지,06:00,23:00,,25,25,25
강서구2,5291402000,마을버스,부원역,강서구청역,06:20,21:30,60,60,60,120
강서구20,5291420000,마을버스,선창,하단역,05:45,21:30,0,25~30,25~30,30~35
강서구21,5291421000,마을버스,명지환승센터,하단역,06:10,21:20,,20~30,20~30,20~30
강서구22,5291422000,마을버스,명지환승센터,평강농협,06:00,20:40,,70~80,70~80,70~80
강서구5,5291405000,마을버스,평강하리,구포시장,06:00,21:40,20 ,20~30,20~30,20~30
강서구6,5291406000,마을버스,대흥마을,구포시장,06:30,20:20,,65~85,65~85,140
강서구6-1,5291406100,마을버스,신호부영5차아파트,불암역,05:30,20:06,,43,43,65
강서구7,5291407000,마을버스,둔치도,하단역,06:00,20:10,33,60,60,60
강서구7-1,5291407100,마을버스,지사문화회관,구포시장,05:30,20:31,0,43,43,65
강서구7-2,5291407200,마을버스,지사산단,구포시장,05:40,22:00,90 ,65,65,70
강서구8,5291408000,마을버스,디에트르더퍼스트,명호중고등학교,06:00,21:20,,53,53,53
강서구8-1,5291408100,마을버스,디에트르더퍼스트,국회부산도서관,06:15,21:40,,45,45,45
강서구9,5291409000,마을버스,신호부영5차아파트,성산1구,06:00,21:00,45,60,60,60
강서구9-1,5291409100,마을버스,용원,하단역,05:00,21:20,15,35,35,35
금정구1,5291101000,마을버스,산성공해마을,구포시장,06:00,22:00,8,10,10,10
금정구2-1,5291102100,마을버스,범어사역,중리.공덕초등학교,06:25,23:00,10,20,20,20
금정구2-2,5291102200,마을버스,범어사역,임기,06:15,23:05,20,20,20,20
금정구3,5291103000,마을버스,부산외대건학관,부산외대건학관,07:00,23:00,26,10,5,15
금정구3-1,5291103100,마을버스,선동상현마을,구서역,06:45,23:00,16,60,60,60
금정구3-2,5291103200,마을버스,구서역2번출구,부산외대건학관,06:45,23:00,,30,30,30
금정구5,5291105000,마을버스,장전역4번출구,오륜본동마을,06:20,22:42,22,25,25,25
금정구5-1,5291105100,마을버스,부산대역,부산가톨릭대학교,06:45,21:55,22,22,22,22
금정구6,5291106000,마을버스,신동아아파트,온천장역,05:45,22:45,10,12,10,12
금정구7,5291107000,마을버스,부산대역,부산대학교,05:57,20:00,7,10,10,10
기장군11,5291611000,마을버스,기장고입구,반송보경사,05:15,21:20,,30,15-28,15-28
기장군2,5291602000,마을버스,기장,학리,05:45,21:15,60,,,
기장군2-3,5291602300,마을버스,범어사역,철마,07:25,22:30,,60,60,60
기장군3,5291603000,마을버스,기장,서생신암,05:25,21:25,20,30~40,30~40,40~50
기장군57,5291657000,마을버스,동해선좌천역,월평,06:30,19:00,,90,90,90
기장군6,5291606000,마을버스,문화그린아파트,월전,06:25,21:40,20,30,30,30
기장군8,5291608000,마을버스,기장,정관(모전초등학교),05:20,21:15,50,23~25,23~25,23~25
남구1,5290701000,마을버스,부산예술대학,청구아파트,05:35,23:15,8,8,10,8
남구2,5290702000,마을버스,오륙도선착장,구.외국어대,05:30,22:57,15,10-13,15,15-20
남구3,5290703000,마을버스,못골시장,범일역,06:00,23:20,9,9,10,9
남구5,5290705000,마을버스,남구종합사회복지관,범일역,06:00,22:40,13,13,17,13
남구6,5290706000,마을버스,유창그린아파트,못골시장,06:00,23:40,8,8,8,8
남구8,5290708000,마을버스,용호벽산아파트,수영구청.금호어울림,05:50,23:00,15,20~30,20~30,30~35
남구9,5290709000,마을버스,경동아파트,마마빌라,05:50,23:00,12,17~30,17~30,25~30
동구1,5290301000,마을버스,안창마을,범내골역,05:20,23:40,7,7,7,7
동구1-1,5290301100,마을버스,안창마을,남해지방해양경찰청,05:20,23:15,10,10,10,10
동구2,5290302000,마을버스,수정아파트,동구청.우체국,05:52,23:45,6,6,5,6
동래구1,5290601000,마을버스,롯데백화점(동래점),세웅병원,06:30,23:00,10,12,15,15
동래구1-1,5290601100,마을버스,온천장역,동래구청,06:30,23:00,,20,20,30
동래구2,5290602000,마을버스,남일중학교,동래역,06:30,23:00,10,12,10,12
동래구3,5290603000,마을버스,금정마을,동래구청,06:15,23:00,10,10,10,10
동래구5,5290605000,마을버스,달북마을,동래역,06:00,23:35,10,8,12,8
동래구6,5290606000,마을버스,센텀트루엘아파트,동래역,06:30,23:00,12,14,12,12
동래구6-1,5290606100,마을버스,센텀롯데캐슬2차아파트,동래역,06:30,23:00,14,14,14,14
동래구7,5290607000,마을버스,롯데백화점(동래점),센텀SK뷰아파트,06:40,23:00,10,13,10,13
동래구8,5290608000,마을버스,사직여자중학교,동래역,06:05,23:40,10,10-15,10,10
부산진구10,5290510000,마을버스,부산백병원,개금삼거리,07:00,18:20,16~17,7,4,4
부산진구10-1,5290510100,마을버스,동남여객,구덕대림아파트,06:00,22:04,26 ,,,
부산진구11,5290511000,마을버스,이마트연제점,부전시장,06:00,22:30,15,20,20,25
부산진구12,5290512000,마을버스,부산여대,서면역,06:00,23:20,8~9,25,25,25
부산진구12-1,5290512100,마을버스,부산여대,서면역,,,,11,11,11
부산진구13,5290513000,마을버스,청구화인아파트,부전시장,05:57,22:50,8,10,11,10
부산진구15,5290515000,마을버스,원당골(대우아파트),롯데호텔백화점.서면역,06:00,22:00,10 ,,,
부산진구17,5290517000,마을버스,초읍대진아파트,동래지하철역,06:00,23:20,15,15,13,13
부산진구2,5290502000,마을버스,부전역,대산아파트,06:00,23:06,5,5,8,5
부산진구6,5290506000,마을버스,동의대본관,가야1치안센터,07:00,23:00,10 ,6,6,6
부산진구6-1,5290506100,마을버스,동의대본관,동의대역,07:00,23:00,5 ,5,5,6
부산진구7,5290507000,마을버스,동의과학대학교,양정역,07:00,17:00,15,20,20,25
부산진구8,5290508000,마을버스,동의의료원,양정역,06:00,21:30,15,25,25,25
부산진구9,5290509000,마을버스,동의대본관,신주례LG아파트,06:00,22:50,8 ,10,10,13
북구1-1,5290801100,마을버스,만덕고등학교,덕천교차로,05:30,23:20,0,7,7,7
북구2,5290802000,마을버스,구포시장,만덕동일아파트,06:00,23:00,12 ,22,17,22
북구3,5290803000,마을버스,금곡동,구포시장,05:30,22:55,0,6,6,6
북구6,5290806000,마을버스,북구청,부산과학기술대학교,05:50,23:05,7 ,7,7,7
북구7,5290807000,마을버스,화명유림아파트,구포시장,06:00,22:55,5,6,6,6
북구8,5290808000,마을버스,만덕한신아파트,만덕역,06:00,23:00,0,21,21,21
북구8-1,5290808100,마을버스,구포시장,그린코아아파트,06:00,23:00,0,30,30,30
북구8-2,5290808200,마을버스,만덕역,그린코아아파트,06:00,23:00,,15,15,15
북구9,5290809000,마을버스,만덕고등학교,만덕역,06:00,23:00,13 ,12,12,12
사상구1-1,5291501100,마을버스,괘법르네시떼역.르네시떼,모라벽산아파트,06:00,22:50,10,15,12,15
사상구2,5291502000,마을버스,주례역,주례여자고등학교,06:28,23:10,10,15,12,15-25
사상구2-1,5291502100,마을버스,주례역,주례청구아파트,06:20,23:05,25,15,15,30
사상구2-2,5291502200,마을버스,주례역,신주례LG아파트,06:35,23:00,10,20,15,20
사상구3,5291503000,마을버스,현대무지개아파트,주례벽산아파트,06:00,23:30,8,10,10,15
사상구3-1,5291503100,마을버스,현대무지개아파트,동양아파트,06:00,22:15,,30,30,30
사상구5,5291505000,마을버스,동서대학교,냉정역,06:30,22:10,10,10,10,12
사상구5-1,5291505100,마을버스,냉정역,동서대학교,06:30,22:10,10,8,8,10
사상구5-2,5291505200,마을버스,주례사거리,냉정역,06:30,22:10,30,25,25,25
사상구6,5291506000,마을버스,좋은삼선병원,부경대용당캠퍼스,05:00,21:40,7,12,10,13
사상구7,5291507000,마을버스,괘법르네시떼역.르네시떼,모라주공아파트,06:10,21:33,12,13,13,18
사상구8-1,5291508100,마을버스,개금현대.반도보라아파트,개금삼거리.개금골목시장,06:00,21:40,,16,16,16
사하구1,5291001000,마을버스,괴정초등학교,감천문화마을.부산교육역사관,06:10,23:30,10,10,10,10
사하구1-1,5291001100,마을버스,정원사 참누리아파트,서구청,06:10,23:30,7 ,,,
사하구10,5291010000,마을버스,하단역,동아대학교승학캠퍼스,07:00,23:00,10,10,10,15
사하구14,5291014000,마을버스,구평방파제,까치고개,05:30,22:40,15 ,,,
사하구15,5291015000,마을버스,다대롯데캐슬몰운대A,괴정초등학교,05:20,23:00,12,13,12,20
사하구2,5291002000,마을버스,동원베네스트아파트,사하역,06:20,23:20,20,20,25,25
사하구2-1,5291002100,마을버스,동원베네스트아파트,당리역,06:35,23:20,13,13,17,13
사하구2-2,5291002200,마을버스,괴정역,괴정자유3차아파트,10:00,23:15,25,25,25,25
사하구3,5291003000,마을버스,구평자유아파트,천우슈퍼,06:00,22:30,15,15,20,20
사하구3-1,5291003100,마을버스,다대롯데캐슬몰운대A,신평역,06:30,23:00,,,,
사하구3-2,5291003200,마을버스,경동메르빌아파트,협성르네상스아파트,06:20,21:00,,22,20,20
사하구5,5291005000,마을버스,다대롯데캐슬몰운대A,괴정초등학교,05:40,22:40,17 ,20,20,20
사하구6,5291006000,마을버스,다대코오롱아파트,신평역,05:10,22:53,12 ,,,
사하구8,5291008000,마을버스,다대코오롱아파트,괴정초등학교,05:05,22:50,18 ,,,
사하구9,5291009000,마을버스,장림동원로얄듀크아파트,신평한신아파트,06:10,23:00,10,10,20,10
서구1,5290201000,마을버스,구덕꽃마을,동대신역,06:00,22:50,10,10,10,10
서구2,5290202000,마을버스,감천문화마을.부산교육역사관,충무동교차로,05:40,23:12,0,11,11,11
서구2-2,5290202200,마을버스,대한수산,부산역,06:00,22:08,35,20-25,20-25,20-25
서구3,5290203000,마을버스,구덕운동장,충무동교차로,06:00,23:07,10,44,44,44
서구3-1,5290203100,마을버스,구덕운동장,충무동교차로,06:00,23:20,,22,22,22
서구5,5290205000,마을버스,동아대학교(구덕캠퍼스),동대신역,07:00,22:00,15,15,15,15
수영구2,5291202000,마을버스,수영강변e편한세상3차,남천자이.코오롱하늘채,05:50,22:00,8,13~14,11~12,16
수영구2-1,5291202100,마을버스,센텀시티역,민락수변공원,06:30,21:30,,60,60,60
연제구1,5291301000,마을버스,물만골,부산시청,06:00,23:15,10,15,15,15
연제구2,5291302000,마을버스,마하사,대진그린타워,06:00,23:15,15,15,15,15-18
연제구3,5291303000,마을버스,유림아시아드아파트,부산시청,06:00,23:15,10,10,10,10
연제구6,5291306000,마을버스,망미삼성아파트,부산시청,06:10,23:10,22,22,22,22
연제구7,5291307000,마을버스,엘지아파트,부산시청,06:00,23:20,10,10,10,10
영도구1,5290401000,마을버스,홈플러스,유림아파트,06:00,23:30,12,12,12,12
영도구2,5290402000,마을버스,체육공원,영선동 반도보라아파트,06:15,22:45,10,15-18,13-18,15-18
영도구5,5290405000,마을버스,동삼그린힐아파트,연안부두,06:00,23:30,11,11,15,15
영도구7,5290407000,마을버스,청학동시장,동삼그린힐아파트,06:00,22:50,25,25,25,25
중구1,5290101000,마을버스,충무동교차로,동대신역,06:00,23:33,12,10,10,10
해운대구1,5290901000,마을버스,센텀글로리아아파트,동해선재송역,07:35,16:55,,60,60,60
해운대구10,5290910000,마을버스,청사포,해운대역,06:30,22:30,20,20-25,20,20-25
해운대구2,5290902000,마을버스,청사포,해운대역,06:30,22:30,20,15,15,15
해운대구3,5290903000,마을버스,센텀글로리아아파트,수영교차로,06:20,22:00,20,20,20,30
해운대구3-1,5290903100,마을버스,센텀글로리아아파트,센텀시티역,06:10,22:30,20,20,20,30
해운대구3-2,5290903200,마을버스,센텀시티역,센텀피오레a,06:10,22:10,16,16,16,20
해운대구7,5290907000,마을버스,청사포,해운대역,06:00,22:20,20,20-25,20-25,20-25
